PDB_ID,pool_phase,source_search,title,method,resolution_A,deposited_models,protein_entity_count,protein_descriptions,nonpolymer_components,fast_disposition,fast_reason,detailed_shortlist
30OH,STAGE_A_CORE,Stage A broad RCSB page,"Pyrococcus abyssi Rubredoxin @ 0.43 Angstrom resolution, Transferable Aspherical Atom Model (TAAM) refinement",X-RAY DIFFRACTION,0.434,1,1,Rubredoxin,FE:FE (III) ION; NA:SODIUM ION,FAST_EXCLUDED,"No plausible organic ligand of interest in this fast query record; only metals, cofactors, salts, solvent or crystallization components.",NO
30OR,STAGE_A_CORE,Stage A broad RCSB page,"Pyrococcus abyssi Rubredoxin @ 0.43 Angstrom resolution, Independent Atom Model (IAM) refinement",X-RAY DIFFRACTION,0.434,1,1,Rubredoxin,FE:FE (III) ION; NA:SODIUM ION,FAST_EXCLUDED,"No plausible organic ligand of interest in this fast query record; only metals, cofactors, salts, solvent or crystallization components.",NO
9TA4,STAGE_A_CORE,Stage A broad RCSB page,"Pyrococcus abyssi Rubredoxin @ 0.55 Angstrom resolution, 50 kGy structure",X-RAY DIFFRACTION,0.545,1,1,Rubredoxin,FE:FE (III) ION,FAST_EXCLUDED,"No plausible organic ligand of interest in this fast query record; only metals, cofactors, salts, solvent or crystallization components.",NO
9TA6,STAGE_A_CORE,Stage A broad RCSB page,"Rubredoxin @ 0.57 Angstrom resolution, 1 MGy structure",X-RAY DIFFRACTION,0.567,1,1,Rubredoxin,FE:FE (III) ION,FAST_EXCLUDED,"No plausible organic ligand of interest in this fast query record; only metals, cofactors, salts, solvent or crystallization components.",NO
7VOS,STAGE_A_CORE,Stage A broad RCSB page,High-resolution neutron and X-ray joint refined structure of high-potential iron-sulfur protein in the oxidized state,X-RAY DIFFRACTION; NEUTRON DIFFRACTION,0.66,1,1,High-potential iron-sulfur protein,D3O:trideuteriooxidanium; NH4:AMMONIUM ION; GOL:GLYCEROL; SO4:SULFATE ION; SF4:IRON/SULFUR CLUSTER,FAST_EXCLUDED,Cofactor-dependent or redox/nucleotide chemistry falls outside the first ordinary CORE_DRY_V1 fixture; requires specialized component and state policy.,NO
7FEZ,STAGE_A_CORE,Stage A broad RCSB page,The 0.76 angstrom X-ray structure of the human heart fatty acid-binding protein complexed with petroselinic acid,X-RAY DIFFRACTION,0.76,1,1,"Fatty acid-binding protein, heart",1PE:PENTAETHYLENE GLYCOL; PG4:TETRAETHYLENE GLYCOL; 4I1:Petroselinic acid,ADVANCE_TO_DETAILED_SHORTLIST,"High-resolution fatty-acid complex; audit water network, ligand state and alternates.",YES
9Y2E,STAGE_A_CORE,Stage A broad RCSB page,"Rubredoxin from Pyrococcus Furiosus at 100K, formyl-Methionine N-terminus",X-RAY DIFFRACTION,0.78,1,1,Rubredoxin,K:POTASSIUM ION; ZN:ZINC ION,FAST_EXCLUDED,"No plausible organic ligand of interest in this fast query record; only metals, cofactors, salts, solvent or crystallization components.",NO
7R2H,STAGE_A_CORE,Stage A broad RCSB page,0.79A resolution structure of DMSO bound Cyclophilin D,X-RAY DIFFRACTION,0.79,1,1,"Peptidyl-prolyl cis-trans isomerase F, mitochondrial",DMS:DIMETHYL SULFOXIDE,FAST_EXCLUDED,"No plausible organic ligand of interest in this fast query record; only metals, cofactors, salts, solvent or crystallization components.",NO
9BZV,STAGE_A_CORE,Stage A broad RCSB page,UIC-1 bound to isopropylbenzene,X-RAY DIFFRACTION,0.8,1,1,UIC-1,"A1ATB:(propan-2-yl)benzene; I6W:ethyl 5'-formyl[2,2'-bipyridine]-5-carboxylate; I77:5'-(hydrazinecarbonyl)[2,2'-bipyridine]-5-carboxamide",FAST_EXCLUDED,Short synthetic peptide/UIC-1 family with non-standard AIB and multiple screened ligands; unsupported receptor graph/co-ligand ambiguity.,NO
9CY0,STAGE_A_CORE,Stage A broad RCSB page,Crystal structure of SARS-CoV-2 NSP3 macrodomain in complex with AVI-4206,X-RAY DIFFRACTION,0.8,1,1,Papain-like protease Non-structural protein 3,"A1A55:N-{4-[(2,2-dimethyl-5-oxopyrrolidin-1-yl)amino]-9H-pyrimido[4,5-b]indol-8-yl}-N'-ethylurea",FAST_EXCLUDED,"Not advanced after broad metadata screen: ligand/site role, construct, water/component policy or D3 state remains less favorable than detailed representatives.",NO
7WKB,STAGE_A_CORE,Stage A broad RCSB page,The 0.81 angstrom X-ray structure of the human heart fatty acid-binding protein complexed with docosahexaenoic acid,X-RAY DIFFRACTION,0.81,1,1,"Fatty acid-binding protein, heart","HXA:DOCOSA-4,7,10,13,16,19-HEXAENOIC ACID; 1PE:PENTAETHYLENE GLYCOL",FAST_EXCLUDED,Carboxylate/long-chain or heteroatom-rich ligand state and binding-site hydration require more specific evidence than this fast screen supplies.,NO
9BZZ,STAGE_A_CORE,Stage A broad RCSB page,UIC-1 peptide bound with ethylbenzene,X-RAY DIFFRACTION,0.81,1,1,UIC-1,"PYJ:PHENYLETHANE; I6W:ethyl 5'-formyl[2,2'-bipyridine]-5-carboxylate; I77:5'-(hydrazinecarbonyl)[2,2'-bipyridine]-5-carboxamide",FAST_EXCLUDED,Short synthetic peptide/UIC-1 family with non-standard AIB and multiple screened ligands; unsupported receptor graph/co-ligand ambiguity.,NO
9BZT,STAGE_A_CORE,Stage A broad RCSB page,UIC-1 bound to benzene,X-RAY DIFFRACTION,0.82,1,1,UIC-1,"I6W:ethyl 5'-formyl[2,2'-bipyridine]-5-carboxylate; BNZ:BENZENE; I77:5'-(hydrazinecarbonyl)[2,2'-bipyridine]-5-carboxamide",ADVANCE_TO_DETAILED_SHORTLIST,"High-resolution benzene hit; audit receptor polymer identity, multiplicity and nearby co-ligands.",YES
9XZU,STAGE_A_CORE,Stage A broad RCSB page,"Rubredoxin from Pyrococcus Furiosus at 100K, Alanine-2 N terminus",X-RAY DIFFRACTION,0.825,1,1,Rubredoxin,K:POTASSIUM ION; ZN:ZINC ION,FAST_EXCLUDED,"No plausible organic ligand of interest in this fast query record; only metals, cofactors, salts, solvent or crystallization components.",NO
6MZ2,STAGE_A_CORE,Stage A broad RCSB page,CTX-M-14 Class A Beta-Lactamase in Complex with Avibactam at pH 7.9,X-RAY DIFFRACTION,0.83,1,1,Beta-lactamase,"K:POTASSIUM ION; NA:SODIUM ION; PO4:PHOSPHATE ION; NXL:(2S,5R)-1-formyl-5-[(sulfooxy)amino]piperidine-2-carboxamide",FAST_EXCLUDED,"Not advanced after broad metadata screen: ligand/site role, construct, water/component policy or D3 state remains less favorable than detailed representatives.",NO
7FF6,STAGE_A_CORE,Stage A broad RCSB page,The 0.83 angstrom X-ray structure of the human heart fatty acid-binding protein complexed with cis-vaccenic acid,X-RAY DIFFRACTION,0.83,1,1,"Fatty acid-binding protein, heart",GLP:2-amino-2-deoxy-6-O-phosphono-alpha-D-glucopyranose; P6G:HEXAETHYLENE GLYCOL; 4IF:cis-vaccenic acid,FAST_EXCLUDED,Carboxylate/long-chain or heteroatom-rich ligand state and binding-site hydration require more specific evidence than this fast screen supplies.,NO
7WF0,STAGE_A_CORE,Stage A broad RCSB page,The 0.83 angstrom X-ray structure of the human heart fatty acid-binding protein complexed with nervonic acid,X-RAY DIFFRACTION,0.83,1,1,"Fatty acid-binding protein, heart",P6G:HEXAETHYLENE GLYCOL; NER:(15E)-TETRACOS-15-ENOIC ACID,FAST_EXCLUDED,Carboxylate/long-chain or heteroatom-rich ligand state and binding-site hydration require more specific evidence than this fast screen supplies.,NO
8RMA,STAGE_A_CORE,Stage A broad RCSB page,Structure of CTX-M-15 complexed with benzoxaborole AK-431,X-RAY DIFFRACTION,0.83,1,1,Beta-lactamase,"SO4:SULFATE ION; A1H1U:2-[(3~{R})-1-oxidanyl-3~{H}-2,1-benzoxaborol-3-yl]ethanoic acid; CL:CHLORIDE ION",FAST_EXCLUDED,Carboxylate/long-chain or heteroatom-rich ligand state and binding-site hydration require more specific evidence than this fast screen supplies.,NO
9C01,STAGE_A_CORE,Stage A broad RCSB page,UIC-1 bound to phenol,X-RAY DIFFRACTION,0.83,1,1,UIC-1,"IPH:PHENOL; I6W:ethyl 5'-formyl[2,2'-bipyridine]-5-carboxylate; I77:5'-(hydrazinecarbonyl)[2,2'-bipyridine]-5-carboxamide",FAST_EXCLUDED,Short synthetic peptide/UIC-1 family with non-standard AIB and multiple screened ligands; unsupported receptor graph/co-ligand ambiguity.,NO
9HDW,STAGE_A_CORE,Stage A broad RCSB page,Orotidine 5'-monophosphate decarboxylase-domain of human UMPS in complex with the product UMP at 0.83 Angstroms resolution,X-RAY DIFFRACTION,0.83,1,1,Uridine 5'-monophosphate synthase,GOL:GLYCEROL; U5P:URIDINE-5'-MONOPHOSPHATE,FAST_EXCLUDED,Deposited solvent/buffer/cryoprotectant component is not by itself a validated small-molecule ligand fixture.,NO
9HOO,STAGE_A_CORE,Stage A broad RCSB page,Variant K281A of Orotidine 5'-monophosphate decarboxylase-domain of human UMPS in complex with the product UMP at 0.83 Angstrom resolution,X-RAY DIFFRACTION,0.83,1,1,Uridine 5'-monophosphate synthase,U5P:URIDINE-5'-MONOPHOSPHATE,FAST_EXCLUDED,"Not advanced after broad metadata screen: ligand/site role, construct, water/component policy or D3 state remains less favorable than detailed representatives.",NO
9Y00,STAGE_A_CORE,Stage A broad RCSB page,"Zinc Rubredoxin from Pyrococcus Furiosus at 140K, A2 Nterminus",X-RAY DIFFRACTION,0.83,1,1,Rubredoxin,K:POTASSIUM ION; ZN:ZINC ION,FAST_EXCLUDED,"No plausible organic ligand of interest in this fast query record; only metals, cofactors, salts, solvent or crystallization components.",NO
6TGU,STAGE_A_CORE,Stage A broad RCSB page,Crystal structure of human protein kinase CK2alpha'(CSNK2A2 gene product) in complex with the 2-aminothiazole-type inhibitor Cl-OH-3,X-RAY DIFFRACTION,0.833,1,1,Casein kinase II subunit alpha',"N92:4-[[4-(4-chlorophenyl)-1,3-thiazol-2-yl]amino]-2-oxidanyl-benzoic acid; EDO:1,2-ETHANEDIOL",ADVANCE_TO_DETAILED_SHORTLIST,High-resolution kinase inhibitor hit; audit ligand disorder and site completeness.,YES
7BNH,STAGE_A_CORE,Stage A broad RCSB page,Complex structure at atomic resolution of SH3b domain with benzoic acid,X-RAY DIFFRACTION,0.84,1,1,Lysostaphin,BEZ:BENZOIC ACID; MES:2-(N-MORPHOLINO)-ETHANESULFONIC ACID; NA:SODIUM ION; SO4:SULFATE ION; GOL:GLYCEROL,ADVANCE_TO_DETAILED_SHORTLIST,"High-resolution benzoic-acid hit; audit local waters, buffer and carboxylate state.",YES
7FFK,STAGE_A_CORE,Stage A broad RCSB page,The 0.84 angstrom X-ray structure of the human heart fatty acid-binding protein complexed with palmitoleic acid,X-RAY DIFFRACTION,0.84,1,1,"Fatty acid-binding protein, heart",PAM:PALMITOLEIC ACID; P6G:HEXAETHYLENE GLYCOL,FAST_EXCLUDED,Carboxylate/long-chain or heteroatom-rich ligand state and binding-site hydration require more specific evidence than this fast screen supplies.,NO
7G0Z,STAGE_A_CORE,Stage A broad RCSB page,"Crystal Structure of human FABP4 binding site mutated to that of FABP5 in complex with 5-[[3-(3-cyclopropyl-1,2,4-oxadiazol-5-yl)-4,5,6,7-tetrahydro-1-benzothiophen-2-yl]carbamoyl]-3,6-dihydro-2H-pyran-4-carboxylic acid, i.e. SMILES S1C(=C(C2=NC(=NO2)C2CC2)C2=C1CCCC2)NC(=O)C1=C(CCOC1)C(=O)O with IC50=0.48537 microM",X-RAY DIFFRACTION,0.84,1,1,"Fatty acid-binding protein, adipocyte","WMB:5-{[(3M)-3-(3-cyclopropyl-1,2,4-oxadiazol-5-yl)-4,5,6,7-tetrahydro-1-benzothiophen-2-yl]carbamoyl}-3,6-dihydro-2H-pyran-4-carboxylic acid",FAST_EXCLUDED,Carboxylate/long-chain or heteroatom-rich ligand state and binding-site hydration require more specific evidence than this fast screen supplies.,NO
7TX0,STAGE_A_CORE,Stage A broad RCSB page,Crystal structure of SARS-CoV-2 NSP3 macrodomain in complex with ADP-ribose at pH 9 (P43 crystal form),X-RAY DIFFRACTION,0.84,1,1,Non-structural protein 3,"AR6:[(2R,3S,4R,5R)-5-(6-AMINOPURIN-9-YL)-3,4-DIHYDROXY-OXOLAN-2-YL]METHYL[HYDROXY-[[(2R,3S,4R,5S)-3,4,5-TRIHYDROXYOXOLAN-2-YL]METHOXY]PHOSPHORYL] HYDROGEN PHOSPHATE",FAST_EXCLUDED,"Not advanced after broad metadata screen: ligand/site role, construct, water/component policy or D3 state remains less favorable than detailed representatives.",NO
7WKG,STAGE_A_CORE,Stage A broad RCSB page,The 0.84 angstrom X-ray structure of the human heart fatty acid-binding protein complexed with erucic acid,X-RAY DIFFRACTION,0.84,1,1,"Fatty acid-binding protein, heart",08O:(Z)-docos-13-enoic acid; P6G:HEXAETHYLENE GLYCOL,FAST_EXCLUDED,Carboxylate/long-chain or heteroatom-rich ligand state and binding-site hydration require more specific evidence than this fast screen supplies.,NO
8V5Z,STAGE_A_CORE,Stage A broad RCSB page,UIC-1 mutant - UIC-1-L6M,X-RAY DIFFRACTION,0.84,1,1,UIC-1-L6M,CCN:ACETONITRILE,FAST_EXCLUDED,Short synthetic peptide/UIC-1 family with non-standard AIB and multiple screened ligands; unsupported receptor graph/co-ligand ambiguity.,NO
9ZDO,STAGE_A_CORE,Stage A broad RCSB page,Crystal structure of Zn-substituted rubredoxin from psychrophilic clostridia Clostridium psychrophilum,X-RAY DIFFRACTION,0.842,1,1,Rubredoxin,K:POTASSIUM ION; ZN:ZINC ION,FAST_EXCLUDED,"No plausible organic ligand of interest in this fast query record; only metals, cofactors, salts, solvent or crystallization components.",NO
6AIQ,STAGE_A_CORE,Stage A broad RCSB page,High resolution structure of recombinant high-potential iron-sulfur protein,X-RAY DIFFRACTION,0.85,1,1,High-potential iron-sulfur protein,GOL:GLYCEROL; SO4:SULFATE ION; SF4:IRON/SULFUR CLUSTER,FAST_EXCLUDED,"No plausible organic ligand of interest in this fast query record; only metals, cofactors, salts, solvent or crystallization components.",NO
6UN0,STAGE_A_CORE,Stage A broad RCSB page,Crystal structure of photoactive yellow protein (PYP); F96(4-IF) construct with 3-Br-p-coumaric acid chromophore,X-RAY DIFFRACTION,0.85,1,1,Photoactive yellow protein,QBV:(2E)-3-(3-bromo-4-hydroxyphenyl)prop-2-enoic acid,FAST_EXCLUDED,Carboxylate/long-chain or heteroatom-rich ligand state and binding-site hydration require more specific evidence than this fast screen supplies.,NO
7AOT,STAGE_A_CORE,Stage A broad RCSB page,"The Fk1 domain of FKBP51 in complex with (2R,5S,12R)-12-cyclohexyl-2-[2-(3,4-dimethoxyphenyl)ethyl]-3,19-dioxa-10,13,16-triazatricyclo[18.3.1.0-5,10]tetracosa- 1(24),20,22-triene-4,11,14,17-tetrone",X-RAY DIFFRACTION,0.85,1,1,Peptidyl-prolyl cis-trans isomerase FKBP5,"RTQ:(2R,5S,12R)-12-cyclohexyl-2-[2-(3,4-dimethoxyphenyl)ethyl]-3,19-dioxa-10,13,16-triazatricyclo[18.3.1.0-5,10]tetracosa- 1(24),20,22-triene-4,11,14,17-tetrone",FAST_EXCLUDED,"Not advanced after broad metadata screen: ligand/site role, construct, water/component policy or D3 state remains less favorable than detailed representatives.",NO
7WCI,STAGE_A_CORE,Stage A broad RCSB page,The 0.85 angstrom X-ray structure of the human heart fatty acid-binding protein complexed with two molecules of pelargonic acid,X-RAY DIFFRACTION,0.85,1,1,"Fatty acid-binding protein, heart",P6G:HEXAETHYLENE GLYCOL; KNA:nonanoic acid,FAST_EXCLUDED,Carboxylate/long-chain or heteroatom-rich ligand state and binding-site hydration require more specific evidence than this fast screen supplies.,NO
8R30,STAGE_A_CORE,Stage A broad RCSB page,Structure of CTX-M-15 complexed with benzoxaborole AK-408,X-RAY DIFFRACTION,0.85,1,1,Beta-lactamase,"NA:SODIUM ION; DMS:DIMETHYL SULFOXIDE; CL:CHLORIDE ION; SO4:SULFATE ION; XR3:N-[[(3S)-1-oxidanyl-3H-2,1-benzoxaborol-3-yl]methyl]-4-[oxidanyl(oxidanylidene)-$l^{4}-azanyl]benzenesulfonamide",FAST_EXCLUDED,Deposited solvent/buffer/cryoprotectant component is not by itself a validated small-molecule ligand fixture.,NO
8W8V,STAGE_A_CORE,Stage A broad RCSB page,"High-resolution X-ray structure of cellulase Cel6A from Phanerochaete chrysosporium at cryogenic temperature, Enzyme-Product complex",X-RAY DIFFRACTION,0.85,1,1,Glucanase,BGC:beta-D-glucopyranose; PEG:DI(HYDROXYETHYL)ETHER; CL:CHLORIDE ION; NA:SODIUM ION,FAST_EXCLUDED,Deposited solvent/buffer/cryoprotectant component is not by itself a validated small-molecule ligand fixture.,NO
9C06,STAGE_A_CORE,Stage A broad RCSB page,"UIC-1 A4S/B5(4-Cl)F soaked in equimolar ortho-, meta-, and para-xylene",X-RAY DIFFRACTION,0.85,1,1,UIC-1-A4S/B5F(4-Cl)/B7M,"OXE:ORTHO-XYLENE; I6W:ethyl 5'-formyl[2,2'-bipyridine]-5-carboxylate; I77:5'-(hydrazinecarbonyl)[2,2'-bipyridine]-5-carboxamide",FAST_EXCLUDED,Short synthetic peptide/UIC-1 family with non-standard AIB and multiple screened ligands; unsupported receptor graph/co-ligand ambiguity.,NO
9Y0Y,STAGE_A_CORE,Stage A broad RCSB page,"Rubredoxin from Pyrococcus Furiosus at 180K, Alanine-2 N terminus",X-RAY DIFFRACTION,0.852,1,1,Rubredoxin,K:POTASSIUM ION; ZN:ZINC ION,FAST_EXCLUDED,"No plausible organic ligand of interest in this fast query record; only metals, cofactors, salts, solvent or crystallization components.",NO
7FBF,STAGE_A_CORE,Stage A broad RCSB page,The 0.86 angstrom X-ray structure of the human heart fatty acid-binding protein complexed with octanoic acid,X-RAY DIFFRACTION,0.86,1,1,"Fatty acid-binding protein, heart",P6G:HEXAETHYLENE GLYCOL; OCA:OCTANOIC ACID (CAPRYLIC ACID),FAST_EXCLUDED,Carboxylate/long-chain or heteroatom-rich ligand state and binding-site hydration require more specific evidence than this fast screen supplies.,NO
7FDT,STAGE_A_CORE,Stage A broad RCSB page,The 0.86 angstrom X-ray structure of the human heart fatty acid-binding protein complexed with elaidic acid,X-RAY DIFFRACTION,0.86,1,1,"Fatty acid-binding protein, heart",P6G:HEXAETHYLENE GLYCOL; ELA:Elaidic acid,FAST_EXCLUDED,Carboxylate/long-chain or heteroatom-rich ligand state and binding-site hydration require more specific evidence than this fast screen supplies.,NO
7FDU,STAGE_A_CORE,Stage A broad RCSB page,The 0.86 angstrom X-ray structure of the human heart fatty acid-binding protein complexed with heptadecanoic acid,X-RAY DIFFRACTION,0.86,1,1,"Fatty acid-binding protein, heart",P6G:HEXAETHYLENE GLYCOL; X90:heptadecanoic acid,FAST_EXCLUDED,Carboxylate/long-chain or heteroatom-rich ligand state and binding-site hydration require more specific evidence than this fast screen supplies.,NO
7WJ1,STAGE_A_CORE,Stage A broad RCSB page,The 0.86 angstrom X-ray structure of the human heart fatty acid-binding protein complexed with arachidonic acid,X-RAY DIFFRACTION,0.86,1,1,"Fatty acid-binding protein, heart",ACD:ARACHIDONIC ACID; P6G:HEXAETHYLENE GLYCOL,FAST_EXCLUDED,Carboxylate/long-chain or heteroatom-rich ligand state and binding-site hydration require more specific evidence than this fast screen supplies.,NO
7X48,STAGE_A_CORE,Stage A broad RCSB page,The 0.86 angstrom X-ray structure of the human heart fatty acid-binding protein complexed with pelargonic acid,X-RAY DIFFRACTION,0.86,1,1,"Fatty acid-binding protein, heart",P6G:HEXAETHYLENE GLYCOL; KNA:nonanoic acid,FAST_EXCLUDED,Carboxylate/long-chain or heteroatom-rich ligand state and binding-site hydration require more specific evidence than this fast screen supplies.,NO
8K9N,STAGE_A_CORE,Stage A broad RCSB page,Subatomic resolution structure of Pseudoazurin from Alcaligenes faecalis,X-RAY DIFFRACTION,0.86,1,1,Pseudoazurin,SO4:SULFATE ION; CU:COPPER (II) ION,FAST_EXCLUDED,"No plausible organic ligand of interest in this fast query record; only metals, cofactors, salts, solvent or crystallization components.",NO
9HDS,STAGE_A_CORE,Stage A broad RCSB page,Variant T321N of Orotidine 5'-monophosphate decarboxylase-domain of human UMPS in complex with the product UMP and the nucleotide TMP at 0.86 Angstrom resolution,X-RAY DIFFRACTION,0.86,1,1,Uridine 5'-monophosphate synthase,U5P:URIDINE-5'-MONOPHOSPHATE; PRO:PROLINE; TMP:THYMIDINE-5'-PHOSPHATE,FAST_EXCLUDED,"Not advanced after broad metadata screen: ligand/site role, construct, water/component policy or D3 state remains less favorable than detailed representatives.",NO
9Y0Z,STAGE_A_CORE,Stage A broad RCSB page,"Rubredoxin from Pyrococcus Furiosus at 200K, Alanine-2 N terminus",X-RAY DIFFRACTION,0.86,1,1,Rubredoxin,K:POTASSIUM ION; ZN:ZINC ION,FAST_EXCLUDED,"No plausible organic ligand of interest in this fast query record; only metals, cofactors, salts, solvent or crystallization components.",NO
6ZPA,STAGE_A_CORE,Stage A broad RCSB page,Cyanophage S-2L HD phosphohydrolase (DatZ) bound to dA and one catalytic Zn2+ ion,X-RAY DIFFRACTION,0.860002552904,1,1,DatZ,"LI:LITHIUM ION; ZN:ZINC ION; 3D1:(2R,3S,5R)-5-(6-amino-9H-purin-9-yl)-tetrahydro-2-(hydroxymethyl)furan-3-ol",FAST_EXCLUDED,"Not advanced after broad metadata screen: ligand/site role, construct, water/component policy or D3 state remains less favorable than detailed representatives.",NO
7WE5,STAGE_A_CORE,Stage A broad RCSB page,The 0.87 angstrom X-ray structure of the human heart fatty acid-binding protein complexed with oleic acid,X-RAY DIFFRACTION,0.87,1,1,"Fatty acid-binding protein, heart",P6G:HEXAETHYLENE GLYCOL; OLA:OLEIC ACID,FAST_EXCLUDED,Carboxylate/long-chain or heteroatom-rich ligand state and binding-site hydration require more specific evidence than this fast screen supplies.,NO
7WQ7,STAGE_A_CORE,Stage A broad RCSB page,The 0.87 angstrom X-ray structure of the human heart fatty acid-binding protein complexed with nonadecanoic acid,X-RAY DIFFRACTION,0.87,1,1,"Fatty acid-binding protein, heart",P6G:HEXAETHYLENE GLYCOL; EW8:nonadecanoic acid,FAST_EXCLUDED,Carboxylate/long-chain or heteroatom-rich ligand state and binding-site hydration require more specific evidence than this fast screen supplies.,NO
7FFX,STAGE_A_CORE,Stage A broad RCSB page,The 0.88 angstrom X-ray structure of the human heart fatty acid-binding protein complexed with alpha-llinolenic acid,X-RAY DIFFRACTION,0.88,1,1,"Fatty acid-binding protein, heart",GLP:2-amino-2-deoxy-6-O-phosphono-alpha-D-glucopyranose; P6G:HEXAETHYLENE GLYCOL; LNL:ALPHA-LINOLENIC ACID,FAST_EXCLUDED,Carboxylate/long-chain or heteroatom-rich ligand state and binding-site hydration require more specific evidence than this fast screen supplies.,NO
7FXV,STAGE_A_CORE,Stage A broad RCSB page,"Crystal Structure of human FABP4 in complex with 6-[(4-methoxyphenyl)methyl]-2H-1,2,4-triazine-3,5-dithione",X-RAY DIFFRACTION,0.88,1,1,"Fatty acid-binding protein, adipocyte","SO4:SULFATE ION; EDO:1,2-ETHANEDIOL; U8H:6-[(4-methoxyphenyl)methyl]-1,2,4-triazine-3,5(2H,4H)-dithione; DMS:DIMETHYL SULFOXIDE",FAST_EXCLUDED,Carboxylate/long-chain or heteroatom-rich ligand state and binding-site hydration require more specific evidence than this fast screen supplies.,NO
7KQP,STAGE_A_CORE,Stage A broad RCSB page,Crystal structure of SARS-CoV-2 NSP3 macrodomain in complex with ADP-ribose (P43 crystal form),X-RAY DIFFRACTION,0.88,1,1,Non-structural protein 3,"AR6:[(2R,3S,4R,5R)-5-(6-AMINOPURIN-9-YL)-3,4-DIHYDROXY-OXOLAN-2-YL]METHYL[HYDROXY-[[(2R,3S,4R,5S)-3,4,5-TRIHYDROXYOXOLAN-2-YL]METHOXY]PHOSPHORYL] HYDROGEN PHOSPHATE",FAST_EXCLUDED,"Not advanced after broad metadata screen: ligand/site role, construct, water/component policy or D3 state remains less favorable than detailed representatives.",NO
7XHM,STAGE_A_CORE,Stage A broad RCSB page,The 0.88 angstrom X-ray structure of the human heart fatty acid-binding protein complexed with behenic acid,X-RAY DIFFRACTION,0.88,1,1,"Fatty acid-binding protein, heart",P6G:HEXAETHYLENE GLYCOL; EO3:docosanoic acid,FAST_EXCLUDED,Carboxylate/long-chain or heteroatom-rich ligand state and binding-site hydration require more specific evidence than this fast screen supplies.,NO
7XHU,STAGE_A_CORE,Stage A broad RCSB page,The 0.88 angstrom X-ray structure of the human heart fatty acid-binding protein complexed with tricosanoic acid,X-RAY DIFFRACTION,0.88,1,1,"Fatty acid-binding protein, heart",1PE:PENTAETHYLENE GLYCOL; P6G:HEXAETHYLENE GLYCOL; F23:TRICOSANOIC ACID,FAST_EXCLUDED,Carboxylate/long-chain or heteroatom-rich ligand state and binding-site hydration require more specific evidence than this fast screen supplies.,NO
6KFN,STAGE_A_CORE,Stage A broad RCSB page,Crystal structure of alginate lyase from Paenibacillus sp. str. FPU-7,X-RAY DIFFRACTION,0.89,1,1,alginate lyase,IMD:IMIDAZOLE; NA:SODIUM ION,FAST_EXCLUDED,"Not advanced after broad metadata screen: ligand/site role, construct, water/component policy or D3 state remains less favorable than detailed representatives.",NO
7APW,STAGE_A_CORE,Stage A broad RCSB page,"The Fk1 domain of FKBP51 in complex with (1S,5S,6R)-10-(benzo[d]thiazol-6-ylsulfonyl)-5-(methoxymethyl)-3-(pyridin-2-ylethyl)-3,10-diazabicyclo[4.3.1]decan-2-one",X-RAY DIFFRACTION,0.89,1,1,Peptidyl-prolyl cis-trans isomerase FKBP5,"RSB:(1S,5S,6R)-10-(benzo[d]thiazol-6-ylsulfonyl)-5-(methoxymethyl)-3-(pyridin-2-ylethyl)-3,10-diazabicyclo[4.3.1]decan-2-one",FAST_EXCLUDED,"Not advanced after broad metadata screen: ligand/site role, construct, water/component policy or D3 state remains less favorable than detailed representatives.",NO
8PB5,STAGE_A_CORE,Stage A broad RCSB page,PsiM in complex with sinefungin and norbaeocystin,X-RAY DIFFRACTION,0.89,1,1,Psilocybin synthase,SFG:SINEFUNGIN; XP6:Norbaeocystin; CL:CHLORIDE ION,FAST_EXCLUDED,"Not advanced after broad metadata screen: ligand/site role, construct, water/component policy or D3 state remains less favorable than detailed representatives.",NO
8R5K,STAGE_A_CORE,Stage A broad RCSB page,The Fk1 domain of FKBP51 in complex with Antascomicine B,X-RAY DIFFRACTION,0.89,1,1,Peptidyl-prolyl cis-trans isomerase FKBP5,Y6Z:Antascomicine B,FAST_EXCLUDED,"Not advanced after broad metadata screen: ligand/site role, construct, water/component policy or D3 state remains less favorable than detailed representatives.",NO
9PWM,STAGE_A_CORE,Stage A broad RCSB page,Dihydrofolate Reductase Complexed with Folate and Nicotinamide Adenine Dinucleotide Phosphate (Oxidized Form),X-RAY DIFFRACTION,0.89,1,1,Dihydrofolate reductase,NAP:NADP NICOTINAMIDE-ADENINE-DINUCLEOTIDE PHOSPHATE; FOL:FOLIC ACID; MN:MANGANESE (II) ION,FAST_EXCLUDED,Cofactor-dependent or redox/nucleotide chemistry falls outside the first ordinary CORE_DRY_V1 fixture; requires specialized component and state policy.,NO
9Q9D,STAGE_A_CORE,Stage A broad RCSB page,Protein kinase CK2 catalytic subunit alpha' (CSNK2A2 gene product) in complex with F2X-Entry screen fragment D06 and CX-4945 (Silmitasertib),X-RAY DIFFRACTION,0.89,1,1,Casein kinase II subunit alpha',"CL:CHLORIDE ION; R9G:(3-methoxyphenyl)(pyrrolidin-1-yl)methanone; 3NG:5-[(3-chlorophenyl)amino]benzo[c][2,6]naphthyridine-8-carboxylic acid",FAST_EXCLUDED,Carboxylate/long-chain or heteroatom-rich ligand state and binding-site hydration require more specific evidence than this fast screen supplies.,NO
10CX,STAGE_A_CORE,Stage A broad RCSB page,Crystal structure of Pyrobaculum calidifontis Rpp30,X-RAY DIFFRACTION,0.9,1,1,Rpp30,2PE:NONAETHYLENE GLYCOL,FAST_EXCLUDED,"No plausible organic ligand of interest in this fast query record; only metals, cofactors, salts, solvent or crystallization components.",NO
5RBR,STAGE_A_CORE,Stage A broad RCSB page,PanDDA analysis group deposition -- Endothiapepsin changed state model for fragment F2X-Entry Library C04a,X-RAY DIFFRACTION,0.9,1,1,Endothiapepsin,NA:SODIUM ION; PG4:TETRAETHYLENE GLYCOL; ACT:ACETATE ION; GOL:GLYCEROL; DMS:DIMETHYL SULFOXIDE; R8S:2-hydrazinyl-4-methoxypyrimidine,FAST_EXCLUDED,Deposited solvent/buffer/cryoprotectant component is not by itself a validated small-molecule ligand fixture.,NO
6KLZ,STAGE_A_CORE,Stage A broad RCSB page,Human Carbonic Anhydrase II V143I variant 00 atm CO2,X-RAY DIFFRACTION,0.9,1,1,Carbonic anhydrase 2,ZN:ZINC ION; GOL:GLYCEROL; BCT:BICARBONATE ION,FAST_EXCLUDED,Deposited solvent/buffer/cryoprotectant component is not by itself a validated small-molecule ligand fixture.,NO
6KM2,STAGE_A_CORE,Stage A broad RCSB page,Human Carbonic Anhydrase II V143I variant 15 atm CO2,X-RAY DIFFRACTION,0.9,1,1,Carbonic anhydrase 2,ZN:ZINC ION; CO2:CARBON DIOXIDE; GOL:GLYCEROL; BCT:BICARBONATE ION,FAST_EXCLUDED,Deposited solvent/buffer/cryoprotectant component is not by itself a validated small-molecule ligand fixture.,NO
6LK1,STAGE_A_CORE,Stage A broad RCSB page,Ultrahigh resolution X-ray structure of Ferredoxin I from C. reinhardtii,X-RAY DIFFRACTION,0.9,1,1,"Ferredoxin, chloroplastic",FES:FE2/S2 (INORGANIC) CLUSTER; BEN:BENZAMIDINE; SCN:THIOCYANATE ION; SO4:SULFATE ION,FAST_EXCLUDED,Cofactor-dependent or redox/nucleotide chemistry falls outside the first ordinary CORE_DRY_V1 fixture; requires specialized component and state policy.,NO
6UMZ,STAGE_A_CORE,Stage A broad RCSB page,Crystal structure of photoactive yellow protein (PYP); 3-Br-p-coumaric acid chromophore,X-RAY DIFFRACTION,0.9,1,1,Photoactive yellow protein,QBV:(2E)-3-(3-bromo-4-hydroxyphenyl)prop-2-enoic acid,FAST_EXCLUDED,Carboxylate/long-chain or heteroatom-rich ligand state and binding-site hydration require more specific evidence than this fast screen supplies.,NO
7OUZ,STAGE_A_CORE,Stage A broad RCSB page,"Human OMPD-domain of UMPS in complex with 6-hydroxy-UMP at 0.9 Angstroms resolution, crystal 1",X-RAY DIFFRACTION,0.9,1,1,Uridine 5'-monophosphate synthase,GOL:GLYCEROL; PRO:PROLINE; BMP:6-HYDROXYURIDINE-5'-PHOSPHATE,FAST_EXCLUDED,Deposited solvent/buffer/cryoprotectant component is not by itself a validated small-molecule ligand fixture.,NO
7PGZ,STAGE_A_CORE,Stage A broad RCSB page,Structure of dark-adapted AsLOV2 Q513L,X-RAY DIFFRACTION,0.9,1,1,NPH1-1,"MG:MAGNESIUM ION; GOL:GLYCEROL; EDO:1,2-ETHANEDIOL; FMN:FLAVIN MONONUCLEOTIDE",FAST_EXCLUDED,"No plausible organic ligand of interest in this fast query record; only metals, cofactors, salts, solvent or crystallization components.",NO
7PSY,STAGE_A_CORE,Stage A broad RCSB page,X-ray crystal structure of perdeuterated LecB lectin in complex with perdeuterated fucose,X-RAY DIFFRACTION,0.9,1,1,Fucose-binding lectin,FUC:alpha-L-fucopyranose; SO4:SULFATE ION; CA:CALCIUM ION,FAST_EXCLUDED,"Not advanced after broad metadata screen: ligand/site role, construct, water/component policy or D3 state remains less favorable than detailed representatives.",NO
7TWT,STAGE_A_CORE,Stage A broad RCSB page,Crystal structure of SARS-CoV-2 NSP3 macrodomain in complex with ADP-ribose at pH 4 (P43 crystal form),X-RAY DIFFRACTION,0.9,1,1,Non-structural protein 3,"AR6:[(2R,3S,4R,5R)-5-(6-AMINOPURIN-9-YL)-3,4-DIHYDROXY-OXOLAN-2-YL]METHYL[HYDROXY-[[(2R,3S,4R,5S)-3,4,5-TRIHYDROXYOXOLAN-2-YL]METHOXY]PHOSPHORYL] HYDROGEN PHOSPHATE",FAST_EXCLUDED,"Not advanced after broad metadata screen: ligand/site role, construct, water/component policy or D3 state remains less favorable than detailed representatives.",NO
7TWV,STAGE_A_CORE,Stage A broad RCSB page,Crystal structure of SARS-CoV-2 NSP3 macrodomain in complex with ADP-ribose at pH 5 (P43 crystal form),X-RAY DIFFRACTION,0.9,1,1,Non-structural protein 3,"AR6:[(2R,3S,4R,5R)-5-(6-AMINOPURIN-9-YL)-3,4-DIHYDROXY-OXOLAN-2-YL]METHYL[HYDROXY-[[(2R,3S,4R,5S)-3,4,5-TRIHYDROXYOXOLAN-2-YL]METHOXY]PHOSPHORYL] HYDROGEN PHOSPHATE; CIT:CITRIC ACID",FAST_EXCLUDED,"Not advanced after broad metadata screen: ligand/site role, construct, water/component policy or D3 state remains less favorable than detailed representatives.",NO
7TWW,STAGE_A_CORE,Stage A broad RCSB page,Crystal structure of SARS-CoV-2 NSP3 macrodomain in complex with ADP-ribose at pH 6 (P43 crystal form),X-RAY DIFFRACTION,0.9,1,1,Non-structural protein 3,"AR6:[(2R,3S,4R,5R)-5-(6-AMINOPURIN-9-YL)-3,4-DIHYDROXY-OXOLAN-2-YL]METHYL[HYDROXY-[[(2R,3S,4R,5S)-3,4,5-TRIHYDROXYOXOLAN-2-YL]METHOXY]PHOSPHORYL] HYDROGEN PHOSPHATE; CIT:CITRIC ACID",FAST_EXCLUDED,"Not advanced after broad metadata screen: ligand/site role, construct, water/component policy or D3 state remains less favorable than detailed representatives.",NO
7TWX,STAGE_A_CORE,Stage A broad RCSB page,Crystal structure of SARS-CoV-2 NSP3 macrodomain in complex with ADP-ribose at pH 7 (P43 crystal form),X-RAY DIFFRACTION,0.9,1,1,Non-structural protein 3,"AR6:[(2R,3S,4R,5R)-5-(6-AMINOPURIN-9-YL)-3,4-DIHYDROXY-OXOLAN-2-YL]METHYL[HYDROXY-[[(2R,3S,4R,5S)-3,4,5-TRIHYDROXYOXOLAN-2-YL]METHOXY]PHOSPHORYL] HYDROGEN PHOSPHATE",FAST_EXCLUDED,"Not advanced after broad metadata screen: ligand/site role, construct, water/component policy or D3 state remains less favorable than detailed representatives.",NO
7TWY,STAGE_A_CORE,Stage A broad RCSB page,Crystal structure of SARS-CoV-2 NSP3 macrodomain in complex with ADP-ribose at pH 8 (P43 crystal form),X-RAY DIFFRACTION,0.9,1,1,Non-structural protein 3,"AR6:[(2R,3S,4R,5R)-5-(6-AMINOPURIN-9-YL)-3,4-DIHYDROXY-OXOLAN-2-YL]METHYL[HYDROXY-[[(2R,3S,4R,5S)-3,4,5-TRIHYDROXYOXOLAN-2-YL]METHOXY]PHOSPHORYL] HYDROGEN PHOSPHATE",FAST_EXCLUDED,"Not advanced after broad metadata screen: ligand/site role, construct, water/component policy or D3 state remains less favorable than detailed representatives.",NO
7TX1,STAGE_A_CORE,Stage A broad RCSB page,Crystal structure of SARS-CoV-2 NSP3 macrodomain in complex with ADP-ribose at pH 10 (P43 crystal form),X-RAY DIFFRACTION,0.9,1,1,Non-structural protein 3,"AR6:[(2R,3S,4R,5R)-5-(6-AMINOPURIN-9-YL)-3,4-DIHYDROXY-OXOLAN-2-YL]METHYL[HYDROXY-[[(2R,3S,4R,5S)-3,4,5-TRIHYDROXYOXOLAN-2-YL]METHOXY]PHOSPHORYL] HYDROGEN PHOSPHATE",FAST_EXCLUDED,"Not advanced after broad metadata screen: ligand/site role, construct, water/component policy or D3 state remains less favorable than detailed representatives.",NO
7VB1,STAGE_A_CORE,Stage A broad RCSB page,The 0.90 angstrom X-ray structure of the human heart fatty acid-binding protein complexed with trans-vaccenic acid,X-RAY DIFFRACTION,0.9,1,1,"Fatty acid-binding protein, heart",P6G:HEXAETHYLENE GLYCOL; VCA:VACCENIC ACID,FAST_EXCLUDED,Carboxylate/long-chain or heteroatom-rich ligand state and binding-site hydration require more specific evidence than this fast screen supplies.,NO
7WDJ,STAGE_A_CORE,Stage A broad RCSB page,The 0.90 angstrom X-ray structure of the human heart fatty acid-binding protein complexed with linoleic acid,X-RAY DIFFRACTION,0.9,1,1,"Fatty acid-binding protein, heart",EIC:LINOLEIC ACID; P6G:HEXAETHYLENE GLYCOL,FAST_EXCLUDED,Carboxylate/long-chain or heteroatom-rich ligand state and binding-site hydration require more specific evidence than this fast screen supplies.,NO
7WOM,STAGE_A_CORE,Stage A broad RCSB page,The 0.90 angstrom X-ray structure of the human heart fatty acid-binding protein complexed with eicosapentaenoic acid,X-RAY DIFFRACTION,0.9,1,1,"Fatty acid-binding protein, heart","EPA:5,8,11,14,17-EICOSAPENTAENOIC ACID",FAST_EXCLUDED,Carboxylate/long-chain or heteroatom-rich ligand state and binding-site hydration require more specific evidence than this fast screen supplies.,NO
7WPG,STAGE_A_CORE,Stage A broad RCSB page,The 0.90 angstrom X-ray structure of the human heart fatty acid-binding protein complexed with heptanoic acid,X-RAY DIFFRACTION,0.9,1,1,"Fatty acid-binding protein, heart","P6G:HEXAETHYLENE GLYCOL; DKL:heptane-1,1-diol",FAST_EXCLUDED,Carboxylate/long-chain or heteroatom-rich ligand state and binding-site hydration require more specific evidence than this fast screen supplies.,NO
8SH8,STAGE_A_CORE,Stage A broad RCSB page,Crystal structure of SARS-CoV-2 NSP3 macrodomain Asn40Asp mutant in complex with ADP-ribose (P43 crystal form),X-RAY DIFFRACTION,0.9,1,1,Papain-like protease nsp3,"AR6:[(2R,3S,4R,5R)-5-(6-AMINOPURIN-9-YL)-3,4-DIHYDROXY-OXOLAN-2-YL]METHYL[HYDROXY-[[(2R,3S,4R,5S)-3,4,5-TRIHYDROXYOXOLAN-2-YL]METHOXY]PHOSPHORYL] HYDROGEN PHOSPHATE",FAST_EXCLUDED,"Not advanced after broad metadata screen: ligand/site role, construct, water/component policy or D3 state remains less favorable than detailed representatives.",NO
9C00,STAGE_A_CORE,Stage A broad RCSB page,UIC-1 soaked with R/S 1-chloroethylbenzene,X-RAY DIFFRACTION,0.9,1,1,UIC-1,"A1C1V:[(1R)-1-chloroethyl]benzene; A1ATC:[(1S)-1-chloroethyl]benzene; I6W:ethyl 5'-formyl[2,2'-bipyridine]-5-carboxylate; I77:5'-(hydrazinecarbonyl)[2,2'-bipyridine]-5-carboxamide",FAST_EXCLUDED,Short synthetic peptide/UIC-1 family with non-standard AIB and multiple screened ligands; unsupported receptor graph/co-ligand ambiguity.,NO
1A7Z,STAGE_A_CORE,Stage A exact CCD BNZ search,CRYSTAL STRUCTURE OF ACTINOMYCIN Z3,X-RAY DIFFRACTION,0.95,1,1,ACTINOMYCIN Z3,BNZ:BENZENE,FAST_EXCLUDED,"Not advanced after broad metadata screen: ligand/site role, construct, water/component policy or D3 state remains less favorable than detailed representatives.",NO
9C05,STAGE_A_CORE,Stage A exact CCD BNZ search,"UIC-1 soaked in equimolar benzene, toluene, isopropylbenzene, and ortho-xylene",X-RAY DIFFRACTION,0.97,1,1,UIC-1,"I6W:ethyl 5'-formyl[2,2'-bipyridine]-5-carboxylate; OXE:ORTHO-XYLENE; IPB:5-METHYL-2-(1-METHYLETHYL)PHENOL; BNZ:BENZENE; PYJ:PHENYLETHANE; I77:5'-(hydrazinecarbonyl)[2,2'-bipyridine]-5-carboxamide",FAST_EXCLUDED,Short synthetic peptide/UIC-1 family with non-standard AIB and multiple screened ligands; unsupported receptor graph/co-ligand ambiguity.,NO
3HH4,STAGE_A_CORE,Stage A exact CCD BNZ search,New azaborine compounds bind to the T4 lysozyme L99A cavity - Benzene as control,X-RAY DIFFRACTION,1.25,1,1,Lysozyme,BNZ:BENZENE; PO4:PHOSPHATE ION; HED:2-HYDROXYETHYL DISULFIDE,FAST_EXCLUDED,Redundant T4 lysozyme cavity series; only representative 4W52/5JWT advanced. Alternative cavity conformers and construct backgrounds require case-specific review.,NO
5JWT,STAGE_A_CORE,Stage A exact CCD BNZ search,T4 Lysozyme L99A/M102Q with Benzene Bound,X-RAY DIFFRACTION,1.41,1,1,Endolysin,BNZ:BENZENE,ADVANCE_TO_DETAILED_SHORTLIST,"High-resolution benzene/T4 lysozyme comparison; test missing residues, nearby alternates and water before exclusion.",YES
23UH,STAGE_A_CORE,Stage A exact CCD BNZ search,Structure of the CYP102A1 Heme Domain with 2-(undecylcarbamoyl)benzoic acid and benzene,X-RAY DIFFRACTION,1.48,1,1,Bifunctional cytochrome P450/NADPH--P450 reductase,A1MES:2-(undecylcarbamoyl)benzoic acid; BNZ:BENZENE; HEM:PROTOPORPHYRIN IX CONTAINING FE,FAST_EXCLUDED,Cofactor-dependent or redox/nucleotide chemistry falls outside the first ordinary CORE_DRY_V1 fixture; requires specialized component and state policy.,NO
4W52,STAGE_A_CORE,Stage A exact CCD BNZ search,T4 Lysozyme L99A with Benzene Bound,X-RAY DIFFRACTION,1.5001,1,1,Endolysin,BNZ:BENZENE; EPE:4-(2-HYDROXYETHYL)-1-PIPERAZINE ETHANESULFONIC ACID,ADVANCE_TO_DETAILED_SHORTLIST,Neutral six-heavy-atom benzene; 1.50 A X-ray; local dry pocket; source construct/tail still requires resolution.,YES
3GUJ,STAGE_A_CORE,Stage A exact CCD BNZ search,T4 lysozyme M102E/L99A mutant with buried charge in apolar cavity--Benzene binding,X-RAY DIFFRACTION,1.6,1,1,Lysozyme,BME:BETA-MERCAPTOETHANOL; SO4:SULFATE ION; EPE:4-(2-HYDROXYETHYL)-1-PIPERAZINE ETHANESULFONIC ACID; CO3:CARBONATE ION; BNZ:BENZENE,FAST_EXCLUDED,Redundant T4 lysozyme cavity series; only representative 4W52/5JWT advanced. Alternative cavity conformers and construct backgrounds require case-specific review.,NO
4I7J,STAGE_A_CORE,Stage A exact CCD BNZ search,T4 Lysozyme L99A/M102H with benzene bound,X-RAY DIFFRACTION,1.67,1,1,Lysozyme,BME:BETA-MERCAPTOETHANOL; BNZ:BENZENE; SO4:SULFATE ION; ACT:ACETATE ION; HED:2-HYDROXYETHYL DISULFIDE,FAST_EXCLUDED,Redundant T4 lysozyme cavity series; only representative 4W52/5JWT advanced. Alternative cavity conformers and construct backgrounds require case-specific review.,NO
2YKY,STAGE_A_CORE,Stage A exact CCD BNZ search,Structural Determinants of the Beta-Selectivity of a Bacterial Aminotransferase,X-RAY DIFFRACTION,1.69,1,1,BETA-TRANSAMINASE,"EDO:1,2-ETHANEDIOL; PLP:PYRIDOXAL-5'-PHOSPHATE; SFE:(3S)-3-amino-3-phenylpropanoic acid; BNZ:BENZENE; GOL:GLYCEROL",FAST_EXCLUDED,Cofactor-dependent or redox/nucleotide chemistry falls outside the first ordinary CORE_DRY_V1 fixture; requires specialized component and state policy.,NO
1L83,STAGE_A_CORE,Stage A exact CCD BNZ search,A CAVITY-CONTAINING MUTANT OF T4 LYSOZYME IS STABILIZED BY BURIED BENZENE,X-RAY DIFFRACTION,1.7,1,1,T4 LYSOZYME,BNZ:BENZENE; BME:BETA-MERCAPTOETHANOL; CL:CHLORIDE ION,FAST_EXCLUDED,Redundant T4 lysozyme cavity series; only representative 4W52/5JWT advanced. Alternative cavity conformers and construct backgrounds require case-specific review.,NO
181L,STAGE_A_CORE,Stage A exact CCD BNZ search,SPECIFICITY OF LIGAND BINDING IN A BURIED NON-POLAR CAVITY OF T4 LYSOZYME: LINKAGE OF DYNAMICS AND STRUCTURAL PLASTICITY,X-RAY DIFFRACTION,1.8,1,1,T4 LYSOZYME,CL:CHLORIDE ION; HED:2-HYDROXYETHYL DISULFIDE; BNZ:BENZENE,FAST_EXCLUDED,Predecessor rejection preserved: construct/terminal state unresolved; not reopened.,NO
3DMX,STAGE_A_CORE,Stage A exact CCD BNZ search,Benzene binding in the hydrophobic cavity of T4 lysozyme L99A mutant,X-RAY DIFFRACTION,1.8,1,1,Lysozyme,PO4:PHOSPHATE ION; BNZ:BENZENE; HED:2-HYDROXYETHYL DISULFIDE; CL:CHLORIDE ION,FAST_EXCLUDED,Redundant T4 lysozyme cavity series; only representative 4W52/5JWT advanced. Alternative cavity conformers and construct backgrounds require case-specific review.,NO
220L,STAGE_A_CORE,Stage A exact CCD BNZ search,GENERATING LIGAND BINDING SITES IN T4 LYSOZYME USING DEFICIENCY-CREATING SUBSTITUTIONS,X-RAY DIFFRACTION,1.85,1,1,T4 LYSOZYME,BME:BETA-MERCAPTOETHANOL; BNZ:BENZENE; CL:CHLORIDE ION,FAST_EXCLUDED,Redundant T4 lysozyme cavity series; only representative 4W52/5JWT advanced. Alternative cavity conformers and construct backgrounds require case-specific review.,NO
2Z9G,STAGE_A_CORE,Stage A exact CCD BNZ search,Complex structure of SARS-CoV 3C-like protease with PMA,X-RAY DIFFRACTION,1.86,1,1,3C-like proteinase,HG:MERCURY (II) ION; BNZ:BENZENE,FAST_EXCLUDED,"Not advanced after broad metadata screen: ligand/site role, construct, water/component policy or D3 state remains less favorable than detailed representatives.",NO
1CP4,STAGE_A_CORE,Stage A exact CCD BNZ search,"FORMATION, CRYSTAL STRUCTURE, AND REARRANGEMENT OF A CYTOCHROME P450-CAM IRON-PHENYL COMPLEX",X-RAY DIFFRACTION,1.9,1,1,CYTOCHROME P450-CAM,HEM:PROTOPORPHYRIN IX CONTAINING FE; BNZ:BENZENE,FAST_EXCLUDED,Cofactor-dependent or redox/nucleotide chemistry falls outside the first ordinary CORE_DRY_V1 fixture; requires specialized component and state policy.,NO
1L84,STAGE_A_CORE,Stage A exact CCD BNZ search,A CAVITY-CONTAINING MUTANT OF T4 LYSOZYME IS STABILIZED BY BURIED BENZENE,X-RAY DIFFRACTION,1.9,1,1,T4 LYSOZYME,BNZ:BENZENE; BME:BETA-MERCAPTOETHANOL; CL:CHLORIDE ION,FAST_EXCLUDED,Redundant T4 lysozyme cavity series; only representative 4W52/5JWT advanced. Alternative cavity conformers and construct backgrounds require case-specific review.,NO
223L,STAGE_A_CORE,Stage A exact CCD BNZ search,GENERATING LIGAND BINDING SITES IN T4 LYSOZYME USING DEFICIENCY-CREATING SUBSTITUTIONS,X-RAY DIFFRACTION,1.9,1,1,T4 LYSOZYME,BNZ:BENZENE; BME:BETA-MERCAPTOETHANOL; CL:CHLORIDE ION,FAST_EXCLUDED,Redundant T4 lysozyme cavity series; only representative 4W52/5JWT advanced. Alternative cavity conformers and construct backgrounds require case-specific review.,NO
227L,STAGE_A_CORE,Stage A exact CCD BNZ search,GENERATING LIGAND BINDING SITES IN T4 LYSOZYME USING DEFICIENCY-CREATING SUBSTITUTIONS,X-RAY DIFFRACTION,2.0,1,1,T4 LYSOZYME,BNZ:BENZENE; BME:BETA-MERCAPTOETHANOL; CL:CHLORIDE ION,FAST_EXCLUDED,Redundant T4 lysozyme cavity series; only representative 4W52/5JWT advanced. Alternative cavity conformers and construct backgrounds require case-specific review.,NO
4EMN,DIRECTED_SUPPLEMENT,Directed component/structure follow-up,Crystal structure of RpfB catalytic domain in complex with benzamidine,X-RAY DIFFRACTION,1.17,1,1,Probable resuscitation-promoting factor rpfB,BEN:BENZAMIDINE; SO4:SULFATE ION,ADVANCE_TO_DETAILED_SHORTLIST,"Targeted benzamidine search representative; audit water, co-components and ligand microstate.",YES
2OXS,DIRECTED_SUPPLEMENT,Directed component/structure follow-up,Crystal Structure of the trypsin complex with benzamidine at high temperature (35 C),X-RAY DIFFRACTION,1.32,1,1,Cationic trypsin,BEN:BENZAMIDINE; SO4:SULFATE ION; CA:CALCIUM ION,ADVANCE_TO_DETAILED_SHORTLIST,"Targeted benzamidine search representative; audit water, sulfate and construct/site state.",YES
1MUP,DIRECTED_SUPPLEMENT,Directed component/structure follow-up,PHEROMONE BINDING TO TWO RODENT URINARY PROTEINS REVEALED BY X-RAY CRYSTALLOGRAPHY,X-RAY DIFFRACTION,2.4,1,1,MAJOR URINARY PROTEIN,CD:CADMIUM ION; TZL:2-(SEC-BUTYL)THIAZOLE,ADVANCE_TO_DETAILED_SHORTLIST,"Supplemental TZL hit at 2.4 A (relaxed search limit); audit ligand occupancy, cavity water and metal context.",YES
3BCJ,DIRECTED_SUPPLEMENT,Directed component/structure follow-up,"Crystal structure of Aldose Reductase complexed with 2S4R (Stereoisomer of Fidarestat, 2S4S) at 0.78 A",X-RAY DIFFRACTION,0.78,1,1,Aldose reductase,"FIS:(2S,4R)-2-AMINOFORMYL-6-FLUORO-SPIRO[CHROMAN-4,4'-IMIDAZOLIDINE]-2',5'-DIONE; CIT:CITRIC ACID; NAP:NADP NICOTINAMIDE-ADENINE-DINUCLEOTIDE PHOSPHATE",ADVANCE_TO_DETAILED_SHORTLIST,"Exact FIS targeted hit; audit ligand state, local waters and NADP/citrate context.",YES
