pose_id,term_id,direct_raw,grid_raw,direct_weighted,grid_weighted,raw_difference,weighted_difference,receptor_state_digest,ligand_state_digest,search_region_digest,scoring_field_digest,input_bundle_digest,pose_digest
3dmx-crystal,G1,33.398370206791746,32.93632030367126,-1.1882806135874435,-1.1718413400843197,-0.4620499031204872,0.016439273503123797,sha256:cc8556b9e66fc8baedcff42ac72a56da5ac18cedd2f65a065054e667366c2a06,sha256:65e8b07631df6cc83800b31bf7682b420fce282cadaf3b2427973260b5e851a1,sha256:690c208e99f9cf467662c071e6934abe01950b0d2e22f7753b5cc5e2ee5b1f2d,sha256:6b79b49dbf007a081aa7f44392cf09eb1a140631b8d55bfc3f1679e21aaf9bd1,sha256:5c5ce05dfe5c1694ad30e72d4f247a4861e9d3d54fb5b9d4d8dd23e4e879939d,sha256:c78e6522c4ccadb448f7431efd6ec6f1ea0cc0f8f1b660e398901029b4f476b7
3dmx-crystal,G2,482.7338383173685,480.7077813521654,-2.488975670364352,-2.4785293206517647,-2.026056965203111,0.010446349712587288,sha256:cc8556b9e66fc8baedcff42ac72a56da5ac18cedd2f65a065054e667366c2a06,sha256:65e8b07631df6cc83800b31bf7682b420fce282cadaf3b2427973260b5e851a1,sha256:690c208e99f9cf467662c071e6934abe01950b0d2e22f7753b5cc5e2ee5b1f2d,sha256:6b79b49dbf007a081aa7f44392cf09eb1a140631b8d55bfc3f1679e21aaf9bd1,sha256:5c5ce05dfe5c1694ad30e72d4f247a4861e9d3d54fb5b9d4d8dd23e4e879939d,sha256:c78e6522c4ccadb448f7431efd6ec6f1ea0cc0f8f1b660e398901029b4f476b7
3dmx-crystal,REP,0.3156001173301693,0.541838485676674,0.2651814205860881,0.455277078397397,0.22623836834650474,0.19009565781130888,sha256:cc8556b9e66fc8baedcff42ac72a56da5ac18cedd2f65a065054e667366c2a06,sha256:65e8b07631df6cc83800b31bf7682b420fce282cadaf3b2427973260b5e851a1,sha256:690c208e99f9cf467662c071e6934abe01950b0d2e22f7753b5cc5e2ee5b1f2d,sha256:6b79b49dbf007a081aa7f44392cf09eb1a140631b8d55bfc3f1679e21aaf9bd1,sha256:5c5ce05dfe5c1694ad30e72d4f247a4861e9d3d54fb5b9d4d8dd23e4e879939d,sha256:c78e6522c4ccadb448f7431efd6ec6f1ea0cc0f8f1b660e398901029b4f476b7
3dmx-crystal,HYD,49.79107643135705,49.87086586122136,-1.7461232593712606,-1.748921394887172,0.07978942986431292,-0.0027981355159114596,sha256:cc8556b9e66fc8baedcff42ac72a56da5ac18cedd2f65a065054e667366c2a06,sha256:65e8b07631df6cc83800b31bf7682b420fce282cadaf3b2427973260b5e851a1,sha256:690c208e99f9cf467662c071e6934abe01950b0d2e22f7753b5cc5e2ee5b1f2d,sha256:6b79b49dbf007a081aa7f44392cf09eb1a140631b8d55bfc3f1679e21aaf9bd1,sha256:5c5ce05dfe5c1694ad30e72d4f247a4861e9d3d54fb5b9d4d8dd23e4e879939d,sha256:c78e6522c4ccadb448f7431efd6ec6f1ea0cc0f8f1b660e398901029b4f476b7
3dmx-crystal,HB,0.0,0.0,-0.0,-0.0,0.0,0.0,sha256:cc8556b9e66fc8baedcff42ac72a56da5ac18cedd2f65a065054e667366c2a06,sha256:65e8b07631df6cc83800b31bf7682b420fce282cadaf3b2427973260b5e851a1,sha256:690c208e99f9cf467662c071e6934abe01950b0d2e22f7753b5cc5e2ee5b1f2d,sha256:6b79b49dbf007a081aa7f44392cf09eb1a140631b8d55bfc3f1679e21aaf9bd1,sha256:5c5ce05dfe5c1694ad30e72d4f247a4861e9d3d54fb5b9d4d8dd23e4e879939d,sha256:c78e6522c4ccadb448f7431efd6ec6f1ea0cc0f8f1b660e398901029b4f476b7
cutoff-exact-8A,G1,47.45986342008389,47.60926536456248,-1.6885744806231648,-1.6938900524057685,0.14940194447859056,-0.0053155717826036675,sha256:cc8556b9e66fc8baedcff42ac72a56da5ac18cedd2f65a065054e667366c2a06,sha256:65e8b07631df6cc83800b31bf7682b420fce282cadaf3b2427973260b5e851a1,sha256:690c208e99f9cf467662c071e6934abe01950b0d2e22f7753b5cc5e2ee5b1f2d,sha256:6b79b49dbf007a081aa7f44392cf09eb1a140631b8d55bfc3f1679e21aaf9bd1,sha256:5c5ce05dfe5c1694ad30e72d4f247a4861e9d3d54fb5b9d4d8dd23e4e879939d,sha256:eb863f24b284d8aef8903a8c618ca35e7caa59cbd595a3566ee75c357e8565ae
cutoff-exact-8A,G2,469.28715448681334,469.2554441295229,-2.4196445685340096,-2.41948106993182,-0.0317103572904216,0.00016349860218944912,sha256:cc8556b9e66fc8baedcff42ac72a56da5ac18cedd2f65a065054e667366c2a06,sha256:65e8b07631df6cc83800b31bf7682b420fce282cadaf3b2427973260b5e851a1,sha256:690c208e99f9cf467662c071e6934abe01950b0d2e22f7753b5cc5e2ee5b1f2d,sha256:6b79b49dbf007a081aa7f44392cf09eb1a140631b8d55bfc3f1679e21aaf9bd1,sha256:5c5ce05dfe5c1694ad30e72d4f247a4861e9d3d54fb5b9d4d8dd23e4e879939d,sha256:eb863f24b284d8aef8903a8c618ca35e7caa59cbd595a3566ee75c357e8565ae
cutoff-exact-8A,REP,71.60986707269616,71.58425330053578,60.169832758497584,60.148310914508684,-0.02561377216038352,-0.021521843988900002,sha256:cc8556b9e66fc8baedcff42ac72a56da5ac18cedd2f65a065054e667366c2a06,sha256:65e8b07631df6cc83800b31bf7682b420fce282cadaf3b2427973260b5e851a1,sha256:690c208e99f9cf467662c071e6934abe01950b0d2e22f7753b5cc5e2ee5b1f2d,sha256:6b79b49dbf007a081aa7f44392cf09eb1a140631b8d55bfc3f1679e21aaf9bd1,sha256:5c5ce05dfe5c1694ad30e72d4f247a4861e9d3d54fb5b9d4d8dd23e4e879939d,sha256:eb863f24b284d8aef8903a8c618ca35e7caa59cbd595a3566ee75c357e8565ae
cutoff-exact-8A,HYD,61.03919739950484,60.998508986489725,-2.1405836136032357,-2.1391567116472086,-0.040688413015118385,0.0014269019560271268,sha256:cc8556b9e66fc8baedcff42ac72a56da5ac18cedd2f65a065054e667366c2a06,sha256:65e8b07631df6cc83800b31bf7682b420fce282cadaf3b2427973260b5e851a1,sha256:690c208e99f9cf467662c071e6934abe01950b0d2e22f7753b5cc5e2ee5b1f2d,sha256:6b79b49dbf007a081aa7f44392cf09eb1a140631b8d55bfc3f1679e21aaf9bd1,sha256:5c5ce05dfe5c1694ad30e72d4f247a4861e9d3d54fb5b9d4d8dd23e4e879939d,sha256:eb863f24b284d8aef8903a8c618ca35e7caa59cbd595a3566ee75c357e8565ae
cutoff-exact-8A,HB,0.0,0.0,-0.0,-0.0,0.0,0.0,sha256:cc8556b9e66fc8baedcff42ac72a56da5ac18cedd2f65a065054e667366c2a06,sha256:65e8b07631df6cc83800b31bf7682b420fce282cadaf3b2427973260b5e851a1,sha256:690c208e99f9cf467662c071e6934abe01950b0d2e22f7753b5cc5e2ee5b1f2d,sha256:6b79b49dbf007a081aa7f44392cf09eb1a140631b8d55bfc3f1679e21aaf9bd1,sha256:5c5ce05dfe5c1694ad30e72d4f247a4861e9d3d54fb5b9d4d8dd23e4e879939d,sha256:eb863f24b284d8aef8903a8c618ca35e7caa59cbd595a3566ee75c357e8565ae
validation-combined,G1,32.93080497446349,32.686155954491696,-1.1716451101864365,-1.16294074270486,-0.24464901997179567,0.008704367481576547,sha256:cc8556b9e66fc8baedcff42ac72a56da5ac18cedd2f65a065054e667366c2a06,sha256:65e8b07631df6cc83800b31bf7682b420fce282cadaf3b2427973260b5e851a1,sha256:690c208e99f9cf467662c071e6934abe01950b0d2e22f7753b5cc5e2ee5b1f2d,sha256:6b79b49dbf007a081aa7f44392cf09eb1a140631b8d55bfc3f1679e21aaf9bd1,sha256:5c5ce05dfe5c1694ad30e72d4f247a4861e9d3d54fb5b9d4d8dd23e4e879939d,sha256:166c6ce7a231f07b44a3e974812706dea49a2f409c5a9a2180995be0e2cdce6e
validation-combined,G2,484.3252920892364,480.2766696887562,-2.497181206012103,-2.476306508915227,-4.0486224004802125,0.02087469709687584,sha256:cc8556b9e66fc8baedcff42ac72a56da5ac18cedd2f65a065054e667366c2a06,sha256:65e8b07631df6cc83800b31bf7682b420fce282cadaf3b2427973260b5e851a1,sha256:690c208e99f9cf467662c071e6934abe01950b0d2e22f7753b5cc5e2ee5b1f2d,sha256:6b79b49dbf007a081aa7f44392cf09eb1a140631b8d55bfc3f1679e21aaf9bd1,sha256:5c5ce05dfe5c1694ad30e72d4f247a4861e9d3d54fb5b9d4d8dd23e4e879939d,sha256:166c6ce7a231f07b44a3e974812706dea49a2f409c5a9a2180995be0e2cdce6e
validation-combined,REP,0.5115877239328313,0.8236678988834156,0.4298590270959418,0.6920828336972956,0.3120801749505844,0.2622238066013538,sha256:cc8556b9e66fc8baedcff42ac72a56da5ac18cedd2f65a065054e667366c2a06,sha256:65e8b07631df6cc83800b31bf7682b420fce282cadaf3b2427973260b5e851a1,sha256:690c208e99f9cf467662c071e6934abe01950b0d2e22f7753b5cc5e2ee5b1f2d,sha256:6b79b49dbf007a081aa7f44392cf09eb1a140631b8d55bfc3f1679e21aaf9bd1,sha256:5c5ce05dfe5c1694ad30e72d4f247a4861e9d3d54fb5b9d4d8dd23e4e879939d,sha256:166c6ce7a231f07b44a3e974812706dea49a2f409c5a9a2180995be0e2cdce6e
validation-combined,HYD,48.95039527613171,48.99861730520794,-1.716641411938663,-1.7183325102763374,0.04822202907622852,-0.001691098337674335,sha256:cc8556b9e66fc8baedcff42ac72a56da5ac18cedd2f65a065054e667366c2a06,sha256:65e8b07631df6cc83800b31bf7682b420fce282cadaf3b2427973260b5e851a1,sha256:690c208e99f9cf467662c071e6934abe01950b0d2e22f7753b5cc5e2ee5b1f2d,sha256:6b79b49dbf007a081aa7f44392cf09eb1a140631b8d55bfc3f1679e21aaf9bd1,sha256:5c5ce05dfe5c1694ad30e72d4f247a4861e9d3d54fb5b9d4d8dd23e4e879939d,sha256:166c6ce7a231f07b44a3e974812706dea49a2f409c5a9a2180995be0e2cdce6e
validation-combined,HB,0.0,0.0,-0.0,-0.0,0.0,0.0,sha256:cc8556b9e66fc8baedcff42ac72a56da5ac18cedd2f65a065054e667366c2a06,sha256:65e8b07631df6cc83800b31bf7682b420fce282cadaf3b2427973260b5e851a1,sha256:690c208e99f9cf467662c071e6934abe01950b0d2e22f7753b5cc5e2ee5b1f2d,sha256:6b79b49dbf007a081aa7f44392cf09eb1a140631b8d55bfc3f1679e21aaf9bd1,sha256:5c5ce05dfe5c1694ad30e72d4f247a4861e9d3d54fb5b9d4d8dd23e4e879939d,sha256:166c6ce7a231f07b44a3e974812706dea49a2f409c5a9a2180995be0e2cdce6e
validation-grid-phase-half-cell,G1,32.37206673429595,32.0665001657689,-1.1517657623395154,-1.1408940093978917,-0.30556656852704833,0.010871752941623791,sha256:cc8556b9e66fc8baedcff42ac72a56da5ac18cedd2f65a065054e667366c2a06,sha256:65e8b07631df6cc83800b31bf7682b420fce282cadaf3b2427973260b5e851a1,sha256:690c208e99f9cf467662c071e6934abe01950b0d2e22f7753b5cc5e2ee5b1f2d,sha256:6b79b49dbf007a081aa7f44392cf09eb1a140631b8d55bfc3f1679e21aaf9bd1,sha256:5c5ce05dfe5c1694ad30e72d4f247a4861e9d3d54fb5b9d4d8dd23e4e879939d,sha256:bd47626d3073b0bd85a164839bad8fa80c888e60618188d64d16cd77f6a958ab
validation-grid-phase-half-cell,G2,480.75674946860454,481.98660070768256,-2.478781800260125,-2.4851229132488113,1.229851239078016,-0.006341112988686337,sha256:cc8556b9e66fc8baedcff42ac72a56da5ac18cedd2f65a065054e667366c2a06,sha256:65e8b07631df6cc83800b31bf7682b420fce282cadaf3b2427973260b5e851a1,sha256:690c208e99f9cf467662c071e6934abe01950b0d2e22f7753b5cc5e2ee5b1f2d,sha256:6b79b49dbf007a081aa7f44392cf09eb1a140631b8d55bfc3f1679e21aaf9bd1,sha256:5c5ce05dfe5c1694ad30e72d4f247a4861e9d3d54fb5b9d4d8dd23e4e879939d,sha256:bd47626d3073b0bd85a164839bad8fa80c888e60618188d64d16cd77f6a958ab
validation-grid-phase-half-cell,REP,0.5649395164006007,0.8305196318712673,0.47468760395802273,0.697839968081673,0.2655801154706666,0.2231523641236503,sha256:cc8556b9e66fc8baedcff42ac72a56da5ac18cedd2f65a065054e667366c2a06,sha256:65e8b07631df6cc83800b31bf7682b420fce282cadaf3b2427973260b5e851a1,sha256:690c208e99f9cf467662c071e6934abe01950b0d2e22f7753b5cc5e2ee5b1f2d,sha256:6b79b49dbf007a081aa7f44392cf09eb1a140631b8d55bfc3f1679e21aaf9bd1,sha256:5c5ce05dfe5c1694ad30e72d4f247a4861e9d3d54fb5b9d4d8dd23e4e879939d,sha256:bd47626d3073b0bd85a164839bad8fa80c888e60618188d64d16cd77f6a958ab
validation-grid-phase-half-cell,HYD,48.734222633316435,48.81270578049773,-1.7090604535277742,-1.711812779016275,0.07848314718129501,-0.0027523254885006843,sha256:cc8556b9e66fc8baedcff42ac72a56da5ac18cedd2f65a065054e667366c2a06,sha256:65e8b07631df6cc83800b31bf7682b420fce282cadaf3b2427973260b5e851a1,sha256:690c208e99f9cf467662c071e6934abe01950b0d2e22f7753b5cc5e2ee5b1f2d,sha256:6b79b49dbf007a081aa7f44392cf09eb1a140631b8d55bfc3f1679e21aaf9bd1,sha256:5c5ce05dfe5c1694ad30e72d4f247a4861e9d3d54fb5b9d4d8dd23e4e879939d,sha256:bd47626d3073b0bd85a164839bad8fa80c888e60618188d64d16cd77f6a958ab
validation-grid-phase-half-cell,HB,0.0,0.0,-0.0,-0.0,0.0,0.0,sha256:cc8556b9e66fc8baedcff42ac72a56da5ac18cedd2f65a065054e667366c2a06,sha256:65e8b07631df6cc83800b31bf7682b420fce282cadaf3b2427973260b5e851a1,sha256:690c208e99f9cf467662c071e6934abe01950b0d2e22f7753b5cc5e2ee5b1f2d,sha256:6b79b49dbf007a081aa7f44392cf09eb1a140631b8d55bfc3f1679e21aaf9bd1,sha256:5c5ce05dfe5c1694ad30e72d4f247a4861e9d3d54fb5b9d4d8dd23e4e879939d,sha256:bd47626d3073b0bd85a164839bad8fa80c888e60618188d64d16cd77f6a958ab
validation-rotation,G1,32.698921249623695,32.385508813312896,-1.1633949191403614,-1.1522440180688596,-0.3134124363107986,0.01115090107150185,sha256:cc8556b9e66fc8baedcff42ac72a56da5ac18cedd2f65a065054e667366c2a06,sha256:65e8b07631df6cc83800b31bf7682b420fce282cadaf3b2427973260b5e851a1,sha256:690c208e99f9cf467662c071e6934abe01950b0d2e22f7753b5cc5e2ee5b1f2d,sha256:6b79b49dbf007a081aa7f44392cf09eb1a140631b8d55bfc3f1679e21aaf9bd1,sha256:5c5ce05dfe5c1694ad30e72d4f247a4861e9d3d54fb5b9d4d8dd23e4e879939d,sha256:bdfd1e7718a9410e7db00a959b6905962bf5010db224f751d80016a753db4ce6
validation-rotation,G2,482.1789462197547,480.4278031534262,-2.4861146467090554,-2.4770857530590655,-1.7511430663284955,0.009028893649989822,sha256:cc8556b9e66fc8baedcff42ac72a56da5ac18cedd2f65a065054e667366c2a06,sha256:65e8b07631df6cc83800b31bf7682b420fce282cadaf3b2427973260b5e851a1,sha256:690c208e99f9cf467662c071e6934abe01950b0d2e22f7753b5cc5e2ee5b1f2d,sha256:6b79b49dbf007a081aa7f44392cf09eb1a140631b8d55bfc3f1679e21aaf9bd1,sha256:5c5ce05dfe5c1694ad30e72d4f247a4861e9d3d54fb5b9d4d8dd23e4e879939d,sha256:bdfd1e7718a9410e7db00a959b6905962bf5010db224f751d80016a753db4ce6
validation-rotation,REP,0.3970669877571865,0.5984388971715661,0.3336335511280372,0.5028352911539226,0.20137190941437955,0.16920174002588534,sha256:cc8556b9e66fc8baedcff42ac72a56da5ac18cedd2f65a065054e667366c2a06,sha256:65e8b07631df6cc83800b31bf7682b420fce282cadaf3b2427973260b5e851a1,sha256:690c208e99f9cf467662c071e6934abe01950b0d2e22f7753b5cc5e2ee5b1f2d,sha256:6b79b49dbf007a081aa7f44392cf09eb1a140631b8d55bfc3f1679e21aaf9bd1,sha256:5c5ce05dfe5c1694ad30e72d4f247a4861e9d3d54fb5b9d4d8dd23e4e879939d,sha256:bdfd1e7718a9410e7db00a959b6905962bf5010db224f751d80016a753db4ce6
validation-rotation,HYD,49.8843260851275,49.959235955603745,-1.7493934314793365,-1.7520204457270678,0.07490987047624742,-0.002627014247731374,sha256:cc8556b9e66fc8baedcff42ac72a56da5ac18cedd2f65a065054e667366c2a06,sha256:65e8b07631df6cc83800b31bf7682b420fce282cadaf3b2427973260b5e851a1,sha256:690c208e99f9cf467662c071e6934abe01950b0d2e22f7753b5cc5e2ee5b1f2d,sha256:6b79b49dbf007a081aa7f44392cf09eb1a140631b8d55bfc3f1679e21aaf9bd1,sha256:5c5ce05dfe5c1694ad30e72d4f247a4861e9d3d54fb5b9d4d8dd23e4e879939d,sha256:bdfd1e7718a9410e7db00a959b6905962bf5010db224f751d80016a753db4ce6
validation-rotation,HB,0.0,0.0,-0.0,-0.0,0.0,0.0,sha256:cc8556b9e66fc8baedcff42ac72a56da5ac18cedd2f65a065054e667366c2a06,sha256:65e8b07631df6cc83800b31bf7682b420fce282cadaf3b2427973260b5e851a1,sha256:690c208e99f9cf467662c071e6934abe01950b0d2e22f7753b5cc5e2ee5b1f2d,sha256:6b79b49dbf007a081aa7f44392cf09eb1a140631b8d55bfc3f1679e21aaf9bd1,sha256:5c5ce05dfe5c1694ad30e72d4f247a4861e9d3d54fb5b9d4d8dd23e4e879939d,sha256:bdfd1e7718a9410e7db00a959b6905962bf5010db224f751d80016a753db4ce6
validation-translation,G1,31.948645261893056,31.776560119801445,-1.136700849772893,-1.1305782325024156,-0.17208514209161052,0.00612261727047736,sha256:cc8556b9e66fc8baedcff42ac72a56da5ac18cedd2f65a065054e667366c2a06,sha256:65e8b07631df6cc83800b31bf7682b420fce282cadaf3b2427973260b5e851a1,sha256:690c208e99f9cf467662c071e6934abe01950b0d2e22f7753b5cc5e2ee5b1f2d,sha256:6b79b49dbf007a081aa7f44392cf09eb1a140631b8d55bfc3f1679e21aaf9bd1,sha256:5c5ce05dfe5c1694ad30e72d4f247a4861e9d3d54fb5b9d4d8dd23e4e879939d,sha256:6f59b3d12e7272e82190a4796cb4c1d708b59d79e46d2d3360869a4aba3249f6
validation-translation,G2,481.11945908192934,482.4128738261883,-2.4806519310264274,-2.4873207774478265,1.2934147442589392,-0.006668846421399088,sha256:cc8556b9e66fc8baedcff42ac72a56da5ac18cedd2f65a065054e667366c2a06,sha256:65e8b07631df6cc83800b31bf7682b420fce282cadaf3b2427973260b5e851a1,sha256:690c208e99f9cf467662c071e6934abe01950b0d2e22f7753b5cc5e2ee5b1f2d,sha256:6b79b49dbf007a081aa7f44392cf09eb1a140631b8d55bfc3f1679e21aaf9bd1,sha256:5c5ce05dfe5c1694ad30e72d4f247a4861e9d3d54fb5b9d4d8dd23e4e879939d,sha256:6f59b3d12e7272e82190a4796cb4c1d708b59d79e46d2d3360869a4aba3249f6
validation-translation,REP,0.727938743035665,0.9267466806027985,0.6116468891420024,0.7786942646430984,0.19880793756713355,0.16704737550109605,sha256:cc8556b9e66fc8baedcff42ac72a56da5ac18cedd2f65a065054e667366c2a06,sha256:65e8b07631df6cc83800b31bf7682b420fce282cadaf3b2427973260b5e851a1,sha256:690c208e99f9cf467662c071e6934abe01950b0d2e22f7753b5cc5e2ee5b1f2d,sha256:6b79b49dbf007a081aa7f44392cf09eb1a140631b8d55bfc3f1679e21aaf9bd1,sha256:5c5ce05dfe5c1694ad30e72d4f247a4861e9d3d54fb5b9d4d8dd23e4e879939d,sha256:6f59b3d12e7272e82190a4796cb4c1d708b59d79e46d2d3360869a4aba3249f6
validation-translation,HYD,48.31613854847442,48.459985753589855,-1.6943986627564496,-1.6994432403926427,0.14384720511543492,-0.005044577636193148,sha256:cc8556b9e66fc8baedcff42ac72a56da5ac18cedd2f65a065054e667366c2a06,sha256:65e8b07631df6cc83800b31bf7682b420fce282cadaf3b2427973260b5e851a1,sha256:690c208e99f9cf467662c071e6934abe01950b0d2e22f7753b5cc5e2ee5b1f2d,sha256:6b79b49dbf007a081aa7f44392cf09eb1a140631b8d55bfc3f1679e21aaf9bd1,sha256:5c5ce05dfe5c1694ad30e72d4f247a4861e9d3d54fb5b9d4d8dd23e4e879939d,sha256:6f59b3d12e7272e82190a4796cb4c1d708b59d79e46d2d3360869a4aba3249f6
validation-translation,HB,0.0,0.0,-0.0,-0.0,0.0,0.0,sha256:cc8556b9e66fc8baedcff42ac72a56da5ac18cedd2f65a065054e667366c2a06,sha256:65e8b07631df6cc83800b31bf7682b420fce282cadaf3b2427973260b5e851a1,sha256:690c208e99f9cf467662c071e6934abe01950b0d2e22f7753b5cc5e2ee5b1f2d,sha256:6b79b49dbf007a081aa7f44392cf09eb1a140631b8d55bfc3f1679e21aaf9bd1,sha256:5c5ce05dfe5c1694ad30e72d4f247a4861e9d3d54fb5b9d4d8dd23e4e879939d,sha256:6f59b3d12e7272e82190a4796cb4c1d708b59d79e46d2d3360869a4aba3249f6
