"relativePath","folder","bytes","sha256","driveFolderId","driveFolderUrl","driveUploadStatus"
"00-baseline/BASELINE.md","01_BASELINE","1849","7d68c9e756afe6bd72405b927e9e4333d2474eb70ec082d67368aa44cbdfe537","1CQ4cUUDByhhbpQNzCz7xB5FQYZMS7-By","https://drive.google.com/drive/folders/1CQ4cUUDByhhbpQNzCz7xB5FQYZMS7-By","UPLOADED_READBACK_VERIFIED"
"00-baseline/BASELINE.json","01_BASELINE","1536","6b081e7e5854e543a04345a14d75187105d2100b81a747ed493216a06ee1e9ef","1CQ4cUUDByhhbpQNzCz7xB5FQYZMS7-By","https://drive.google.com/drive/folders/1CQ4cUUDByhhbpQNzCz7xB5FQYZMS7-By","UPLOADED_READBACK_VERIFIED"
"01-source/4V6F_SOURCE_IDENTITY.json","02_SOURCE_IDENTITY","802","5bcb1cbdb36dae727b52e604a434a3faebde4611fdcbbf362e0439d8207c8826","1OdaGYurBKrNl6OlUHNjWwDpviJfnERtC","https://drive.google.com/drive/folders/1OdaGYurBKrNl6OlUHNjWwDpviJfnERtC","UPLOADED_READBACK_VERIFIED"
"02-import/4V6F_LIGHTWEIGHT_SCAN_REPORT.json","03_IMPORT","1297018","e5abf316bfffd62ee506f0e2d4fd5e913cb807907279e9b71c38e8095d2bdfa3","1-OJcPKz2Oqqe05HN1uxBtRusLDtuzKJd","https://drive.google.com/drive/folders/1-OJcPKz2Oqqe05HN1uxBtRusLDtuzKJd","UPLOADED_READBACK_VERIFIED"
"03-identity/4V6F_PARSED_IDENTITY.json","04_CANONICAL_IDENTITY","813","5b6e2b672b057053967741edb17ab47bc578514f04b58006755672a6642051b3","1OQXrX7BIDqrouey9lMj-UVBxN0XRn9Fl","https://drive.google.com/drive/folders/1OQXrX7BIDqrouey9lMj-UVBxN0XRn9Fl","UPLOADED_READBACK_VERIFIED"
"03-identity/4V6F_CHAIN_INVENTORY.json","04_CANONICAL_IDENTITY","1160633","645aeb3fe91eb072696af17199122eedc689da28f621f051ec57f4c49623fea3","1OQXrX7BIDqrouey9lMj-UVBxN0XRn9Fl","https://drive.google.com/drive/folders/1OQXrX7BIDqrouey9lMj-UVBxN0XRn9Fl","UPLOADED_READBACK_VERIFIED"
"04-render/4V6F_RENDER_REPORT.md","05_RENDER","359","cc76d011f7ad68173b5e073a7d9bb51c0411c4fb06575f1c41ac1ad16a1a5d7a","1vAyEfLhElkslpkl9nF31nNNlrK1byHTC","https://drive.google.com/drive/folders/1vAyEfLhElkslpkl9nF31nNNlrK1byHTC","UPLOADED_READBACK_VERIFIED"
"04-render/4V6F_RENDER_REPORT.json","05_RENDER","1320","43f0816cbe9b71620654a8c94e41820cb5f6c7d695d71812a64282098c420dc5","1vAyEfLhElkslpkl9nF31nNNlrK1byHTC","https://drive.google.com/drive/folders/1vAyEfLhElkslpkl9nF31nNNlrK1byHTC","UPLOADED_READBACK_VERIFIED"
"05-selection/4V6F_A_BE_APPLICABILITY_MATRIX.md","07_GENERIC_SELECTION","1006","d55a53a99bc5d6e733511e86708c5cb1469dca1b3dcf5e4aa984adb151ee4c9b","10SxJz3ORaUNZWsZqFGJK4KJ0GMtYPWcv","https://drive.google.com/drive/folders/10SxJz3ORaUNZWsZqFGJK4KJ0GMtYPWcv","UPLOADED_READBACK_VERIFIED"
"05-selection/4V6F_A_BE_APPLICABILITY_MATRIX.json","07_GENERIC_SELECTION","274051","d64e13179d8d6248b2de7d971d23abd2c7d4a856db2b759d3470c8f6fa6b9097","10SxJz3ORaUNZWsZqFGJK4KJ0GMtYPWcv","https://drive.google.com/drive/folders/10SxJz3ORaUNZWsZqFGJK4KJ0GMtYPWcv","UPLOADED_READBACK_VERIFIED"
"05-selection/4V6F_A_BE_APPLICABILITY_MATRIX.csv","07_GENERIC_SELECTION","128809","b7601bcd43749638f10b4ed646708d6d94c5d4a5e2ce01cb3655f939a702dce9","10SxJz3ORaUNZWsZqFGJK4KJ0GMtYPWcv","https://drive.google.com/drive/folders/10SxJz3ORaUNZWsZqFGJK4KJ0GMtYPWcv","UPLOADED_READBACK_VERIFIED"
"06-spatial/4V6F_SPATIAL_REPORT.md","16_SPATIAL","331","a48dd1cbd7f01dc54811153bec16872357506f2e788e092fa41aa42132b2350a","1rRZtvOG5RQCyqGtjvPSY3RAUvVjMyXG9","https://drive.google.com/drive/folders/1rRZtvOG5RQCyqGtjvPSY3RAUvVjMyXG9","UPLOADED_READBACK_VERIFIED"
"07-color/4V6F_COLOR_REPORT.md","19_COLOR","294","492dc0848ac44ea5a9cf19c6e9291235964fe85276cd604c4c592e06912c11c4","1a04MaKm3_FSe0vECwzre42pz1CHaVkco","https://drive.google.com/drive/folders/1a04MaKm3_FSe0vECwzre42pz1CHaVkco","UPLOADED_READBACK_VERIFIED"
"08-measure/4V6F_MEASURE_REPORT.md","22_MEASURE","295","2db1f4c5f32c425139ab022380445d171ae9a6d19349bdf956113e865fc2326e","1Y_c4J-jS-qkLl_QqT2N4MqKDuclAOhYG","https://drive.google.com/drive/folders/1Y_c4J-jS-qkLl_QqT2N4MqKDuclAOhYG","UPLOADED_READBACK_VERIFIED"
"09-console/4V6F_CONSOLE_REPORT.md","23_CONSOLE","271","85c578c645337b0b942fab04398f8d19a32425075f2e41986c85bf1dc66a3c6d","1TwY1lqM6pWVUvoUMF84PpgAzpbWfnhaV","https://drive.google.com/drive/folders/1TwY1lqM6pWVUvoUMF84PpgAzpbWfnhaV","UPLOADED_READBACK_VERIFIED"
"10-multi-object/MULTI_OBJECT_FIXTURES.json","25_MULTI_OBJECT","932","cdcf9c14ef92171575c8864513b80f9374bb81af475f97b17142abcd9c26d46c","1MQsAYUz8eEJtR_XCq77AiNYifAT-uDdt","https://drive.google.com/drive/folders/1MQsAYUz8eEJtR_XCq77AiNYifAT-uDdt","UPLOADED_READBACK_VERIFIED"
"11-session/4V6F_SESSION_REPORT.md","27_SESSION","269","eb51d54ac74fd5326c981314cdd64372dae33a4203834541fbc608b34d12738a","15kFVc0tMGzGlvXRJgBbz6ITdZIUpBS5A","https://drive.google.com/drive/folders/15kFVc0tMGzGlvXRJgBbz6ITdZIUpBS5A","UPLOADED_READBACK_VERIFIED"
"12-responsive/4V6F_RESPONSIVE_REPORT.md","29_RESPONSIVE","678","60cbed15999ac96028f466f645773f0fc946e7becb9bcb791e3617a216c1de9a","1Yjb1GkwxgTleJw9i8zO3UBkE2Q09WX2u","https://drive.google.com/drive/folders/1Yjb1GkwxgTleJw9i8zO3UBkE2Q09WX2u","UPLOADED_READBACK_VERIFIED"
"13-performance/4V6F_PERFORMANCE_REPORT.md","30_PERFORMANCE","473","8a15e8fce737de8db3f7466f92fccffa523f203ea582e4b280972535b8e1da47","1LKx-c0P95GTYwcVLWocWwJ_oL1Q-nUaT","https://drive.google.com/drive/folders/1LKx-c0P95GTYwcVLWocWwJ_oL1Q-nUaT","UPLOADED_READBACK_VERIFIED"
"13-performance/4V6F_PERFORMANCE_REPORT.json","30_PERFORMANCE","1385","9cab0647c8bff71116b09e699b24099246628db741ad118dde9c26132abf7580","1LKx-c0P95GTYwcVLWocWwJ_oL1Q-nUaT","https://drive.google.com/drive/folders/1LKx-c0P95GTYwcVLWocWwJ_oL1Q-nUaT","UPLOADED_READBACK_VERIFIED"
"14-memory/4V6F_MEMORY_REPORT.md","31_MEMORY","223","f3644f3ac4ad15a6423887bafa9c1cb6065cd11859899e4aee28706bb16fb625","1fOcxphHKVEh0K6vJWMfCaMuVysqFJbcP","https://drive.google.com/drive/folders/1fOcxphHKVEh0K6vJWMfCaMuVysqFJbcP","UPLOADED_READBACK_VERIFIED"
"14-memory/4V6F_MEMORY_REPORT.json","31_MEMORY","1167","9800f1b36950e6715ec8a73b0c41d7f87dd22e2ca7d22e09ad770af1ba73ca30","1fOcxphHKVEh0K6vJWMfCaMuVysqFJbcP","https://drive.google.com/drive/folders/1fOcxphHKVEh0K6vJWMfCaMuVysqFJbcP","UPLOADED_READBACK_VERIFIED"
"15-stress/4V6F_STRESS_REPORT.md","32_STRESS","435","6c24a2d5263471821ed5172ea5186eca2ed978f1260cb9ebd8b7a52e0e193e35","1KG3uC72n3JYt_DpQsu_WYx2VRHuBDh2M","https://drive.google.com/drive/folders/1KG3uC72n3JYt_DpQsu_WYx2VRHuBDh2M","UPLOADED_READBACK_VERIFIED"
"15-stress/4V6F_STRESS_REPORT.json","32_STRESS","233","73e599c4ffc6ef635626417100d345e0df35d5d648eda4f60f8c532727cc6b49","1KG3uC72n3JYt_DpQsu_WYx2VRHuBDh2M","https://drive.google.com/drive/folders/1KG3uC72n3JYt_DpQsu_WYx2VRHuBDh2M","UPLOADED_READBACK_VERIFIED"
"05-selection/4V6F_A_BE_APPLICABILITY_MATRIX.md","33_A_BE_REPLAY","1006","d55a53a99bc5d6e733511e86708c5cb1469dca1b3dcf5e4aa984adb151ee4c9b","1Rh9Y8YKtIsQ-0HEQp_C82SSkcYjDrnQW","https://drive.google.com/drive/folders/1Rh9Y8YKtIsQ-0HEQp_C82SSkcYjDrnQW","UPLOADED_READBACK_VERIFIED"
"05-selection/4V6F_A_BE_APPLICABILITY_MATRIX.json","33_A_BE_REPLAY","274051","d64e13179d8d6248b2de7d971d23abd2c7d4a856db2b759d3470c8f6fa6b9097","1Rh9Y8YKtIsQ-0HEQp_C82SSkcYjDrnQW","https://drive.google.com/drive/folders/1Rh9Y8YKtIsQ-0HEQp_C82SSkcYjDrnQW","UPLOADED_READBACK_VERIFIED"
"05-selection/4V6F_A_BE_APPLICABILITY_MATRIX.csv","33_A_BE_REPLAY","128809","b7601bcd43749638f10b4ed646708d6d94c5d4a5e2ce01cb3655f939a702dce9","1Rh9Y8YKtIsQ-0HEQp_C82SSkcYjDrnQW","https://drive.google.com/drive/folders/1Rh9Y8YKtIsQ-0HEQp_C82SSkcYjDrnQW","UPLOADED_READBACK_VERIFIED"
"15-oracle/4V6F_PYMOL_ORACLE_MATRIX.md","34_PYMOL_ORACLE","602","4602fdf6ee2cb9c0cc24b817f3be21b6e562255bca6ed02cf9051e91ee6b005c","1hnzO9D9RO8v5HL1PD1AFWzcPEKtLrY46","https://drive.google.com/drive/folders/1hnzO9D9RO8v5HL1PD1AFWzcPEKtLrY46","UPLOADED_READBACK_VERIFIED"
"16-defects/LM-IMP-001/README.md","35_DEFECTS_BEFORE","980","f637b1f477196eef9df662c46f8031a29f3ad438ee69bff656b24eed6f836a5b","1Q-9XAYfwFRIo86WwsDPWSOer31FZSMM_","https://drive.google.com/drive/folders/1Q-9XAYfwFRIo86WwsDPWSOer31FZSMM_","UPLOADED_READBACK_VERIFIED"
"16-defects/LM-IMP-001/result.json","35_DEFECTS_BEFORE","1546","a0d8365494471080d7602f810a818d8c8542b45705b25edd13782b42ba889c66","1Q-9XAYfwFRIo86WwsDPWSOer31FZSMM_","https://drive.google.com/drive/folders/1Q-9XAYfwFRIo86WwsDPWSOer31FZSMM_","UPLOADED_READBACK_VERIFIED"
"16-defects/LM-RESP-001/README.md","36_DEFECTS_AFTER","811","300f7dbe1d18ac74cfcae10a2dd3e4eacfd8d2e36c03f76642f54f39f4c05b79","1BYK83vAmw3o1SHcvit8A5UWCdm77ISvz","https://drive.google.com/drive/folders/1BYK83vAmw3o1SHcvit8A5UWCdm77ISvz","UPLOADED_READBACK_VERIFIED"
"16-defects/LM-RESP-001/result.json","36_DEFECTS_AFTER","605","93e574ef4d607ca887983cdccac5de04fecb2c6d90e3c1e670de9767660cd265","1BYK83vAmw3o1SHcvit8A5UWCdm77ISvz","https://drive.google.com/drive/folders/1BYK83vAmw3o1SHcvit8A5UWCdm77ISvz","UPLOADED_READBACK_VERIFIED"
"18-final/FINAL_4V6F_ACCEPTANCE_REPORT.md","38_FINAL_REPORT","4018","23320bc0c47b3c2a876cbd514b51f9c624554795a4a8d9b242ae27e6a3aec558","1oqzSXEw94-0q1jCfvB0AtrWd-OoAl79B","https://drive.google.com/drive/folders/1oqzSXEw94-0q1jCfvB0AtrWd-OoAl79B","UPLOADED_READBACK_VERIFIED"
"18-final/FINAL_4V6F_ACCEPTANCE_REPORT.json","38_FINAL_REPORT","1284","a43a83a173bd4ac44349a2bd42f9623e64f4138f279cfafb1117050e283dfd3e","1oqzSXEw94-0q1jCfvB0AtrWd-OoAl79B","https://drive.google.com/drive/folders/1oqzSXEw94-0q1jCfvB0AtrWd-OoAl79B","UPLOADED_READBACK_VERIFIED"
"18-final/4V6F_DEFECT_MATRIX.md","38_FINAL_REPORT","500","825bdc7e0feb7cca12637a5bef398b1dd148787c0992c940a52a0bf4deebb643","1oqzSXEw94-0q1jCfvB0AtrWd-OoAl79B","https://drive.google.com/drive/folders/1oqzSXEw94-0q1jCfvB0AtrWd-OoAl79B","UPLOADED_READBACK_VERIFIED"
"18-final/4V6F_FINAL_SUMMARY.txt","38_FINAL_REPORT","1344","06f84b75cc70a206b9b89afbf25daec539cde52ed577be1bb76012304fdde6ea","1oqzSXEw94-0q1jCfvB0AtrWd-OoAl79B","https://drive.google.com/drive/folders/1oqzSXEw94-0q1jCfvB0AtrWd-OoAl79B","UPLOADED_READBACK_VERIFIED"
"evidence/00-baseline/LM-BOOT-001__clean-boot__PASS.png","00_MANIFEST","218539","c607fb16f2066e712242da3e88882a50d91870ec56b0d2f27f3440e1c522d4c9","1rkPrqr-J7uWX2KAQ9VHbCJqHL7NbRFSK","https://drive.google.com/drive/folders/1rkPrqr-J7uWX2KAQ9VHbCJqHL7NbRFSK","UPLOADED_READBACK_VERIFIED"
"evidence/16-defects-before/LM-RESP-001__mini-protein-720x800__FAIL.png","35_DEFECTS_BEFORE","187461","f5cff3b1f57bb35d171b78697941be5c8ebf29fed8913c42e1849500440d298c","1Q-9XAYfwFRIo86WwsDPWSOer31FZSMM_","https://drive.google.com/drive/folders/1Q-9XAYfwFRIo86WwsDPWSOer31FZSMM_","UPLOADED_READBACK_VERIFIED"
"evidence/17-defects-after/LM-RESP-001__mini-protein-720x800__PASS.png","36_DEFECTS_AFTER","115241","7157b88c0c67688defeb667a25525c35f3dda741862821724d38a88bfdba6409","1BYK83vAmw3o1SHcvit8A5UWCdm77ISvz","https://drive.google.com/drive/folders/1BYK83vAmw3o1SHcvit8A5UWCdm77ISvz","UPLOADED_READBACK_VERIFIED"
"evidence/16-defects/LM-RESP-001__before__mini-protein-720x800.png","35_DEFECTS_BEFORE","187461","f5cff3b1f57bb35d171b78697941be5c8ebf29fed8913c42e1849500440d298c","1Q-9XAYfwFRIo86WwsDPWSOer31FZSMM_","https://drive.google.com/drive/folders/1Q-9XAYfwFRIo86WwsDPWSOer31FZSMM_","UPLOADED_READBACK_VERIFIED"
"evidence/16-defects/LM-RESP-001__after__mini-protein-720x800.png","36_DEFECTS_AFTER","115241","7157b88c0c67688defeb667a25525c35f3dda741862821724d38a88bfdba6409","1BYK83vAmw3o1SHcvit8A5UWCdm77ISvz","https://drive.google.com/drive/folders/1BYK83vAmw3o1SHcvit8A5UWCdm77ISvz","UPLOADED_READBACK_VERIFIED"
