test_id,query,fixture,Mole parser,PyMOL parser,Mole count,PyMOL count,Mole hash,PyMOL hash,exact membership,visual pass,final status,notes
"A-001","all","tests/fixtures/mini-protein.pdb","PASS","BLOCKED","12","","99a8d7c32b17ac977b722304d827f56c408975b3352922a9d01184bceb7a5e13","","false","true","BLOCKED_PYMOL","Pinned PyMOL runtime is unavailable in this environment; exact comparison was not fabricated."
"A-002","none","tests/fixtures/mini-protein.pdb","EMPTY_VALID","BLOCKED","0","","4f53cda18c2baa0c0354bb5f9a3ecbe5ed12ab4d8e11ba873c2f11161202b945","","false","true","BLOCKED_PYMOL","Pinned PyMOL runtime is unavailable in this environment; exact comparison was not fabricated."
"A-003","enabled","tests/fixtures/mini-protein.pdb","PASS","BLOCKED","12","","99a8d7c32b17ac977b722304d827f56c408975b3352922a9d01184bceb7a5e13","","false","true","BLOCKED_PYMOL","Pinned PyMOL runtime is unavailable in this environment; exact comparison was not fabricated."
"A-004","present","tests/fixtures/mini-protein.pdb","PASS","BLOCKED","12","","99a8d7c32b17ac977b722304d827f56c408975b3352922a9d01184bceb7a5e13","","false","true","BLOCKED_PYMOL","Pinned PyMOL runtime is unavailable in this environment; exact comparison was not fabricated."
"A-005","visible","tests/fixtures/mini-protein.pdb","PASS","BLOCKED","11","","4f53cda18c2baa0c0354bb5f9a3ecbe5ed12ab4d8e11ba873c2f11161202b945","","false","true","BLOCKED_PYMOL","Pinned PyMOL runtime is unavailable in this environment; exact comparison was not fabricated."
"A-006","polymer","tests/fixtures/mini-protein.pdb","PASS","BLOCKED","8","","db7a0b7cd9058b0e5113319a7afd4af55512970b434dba6d5f140441ad426c6b","","false","true","BLOCKED_PYMOL","Pinned PyMOL runtime is unavailable in this environment; exact comparison was not fabricated."
"A-007","polymer.protein","tests/fixtures/mini-protein.pdb","PASS","BLOCKED","8","","db7a0b7cd9058b0e5113319a7afd4af55512970b434dba6d5f140441ad426c6b","","false","true","BLOCKED_PYMOL","Pinned PyMOL runtime is unavailable in this environment; exact comparison was not fabricated."
"A-008","polymer.nucleic","tests/fixtures/mini-protein.pdb","IMPLEMENTED_WITH_LIMITATION","BLOCKED","0","","4f53cda18c2baa0c0354bb5f9a3ecbe5ed12ab4d8e11ba873c2f11161202b945","","false","true","BLOCKED_PYMOL","Pinned PyMOL runtime is unavailable in this environment; exact comparison was not fabricated."
"A-009","organic","tests/fixtures/mini-protein.pdb","PASS","BLOCKED","2","","ca1ac9be36fba3e743490eff671bb5ab7e4d99ffa51d365f2b20957c37684cce","","false","true","BLOCKED_PYMOL","Pinned PyMOL runtime is unavailable in this environment; exact comparison was not fabricated."
"A-010","inorganic","tests/fixtures/mini-protein.pdb","PASS","BLOCKED","1","","22213cf5f1bfd4a0502c624daa8c7803fc7d891ab2ce2e64beaf33bd9454c457","","false","true","BLOCKED_PYMOL","Pinned PyMOL runtime is unavailable in this environment; exact comparison was not fabricated."
"A-011","solvent","tests/fixtures/mini-protein.pdb","PASS","BLOCKED","1","","e799ff348dde1e4388ebbdc1c60d8a5e11b73d4819b3158c8723f4aa39f08d79","","false","true","BLOCKED_PYMOL","Pinned PyMOL runtime is unavailable in this environment; exact comparison was not fabricated."
"A-012","metals","tests/fixtures/mini-protein.pdb","PASS","BLOCKED","1","","22213cf5f1bfd4a0502c624daa8c7803fc7d891ab2ce2e64beaf33bd9454c457","","false","true","BLOCKED_PYMOL","Pinned PyMOL runtime is unavailable in this environment; exact comparison was not fabricated."
"A-013","hydrogens","tests/fixtures/mini-protein.pdb","EMPTY_VALID","BLOCKED","0","","4f53cda18c2baa0c0354bb5f9a3ecbe5ed12ab4d8e11ba873c2f11161202b945","","false","true","BLOCKED_PYMOL","Pinned PyMOL runtime is unavailable in this environment; exact comparison was not fabricated."
"A-014","hetatm","tests/fixtures/mini-protein.pdb","PASS","BLOCKED","4","","757c641463bce553173c47776a2243ae319e5c25a92c72ba1522e746531f8eb1","","false","true","BLOCKED_PYMOL","Pinned PyMOL runtime is unavailable in this environment; exact comparison was not fabricated."
"A-015","backbone","tests/fixtures/mini-protein.pdb","PASS","BLOCKED","8","","db7a0b7cd9058b0e5113319a7afd4af55512970b434dba6d5f140441ad426c6b","","false","true","BLOCKED_PYMOL","Pinned PyMOL runtime is unavailable in this environment; exact comparison was not fabricated."
"A-016","sidechain","tests/fixtures/mini-protein.pdb","EMPTY_VALID","BLOCKED","0","","4f53cda18c2baa0c0354bb5f9a3ecbe5ed12ab4d8e11ba873c2f11161202b945","","false","true","BLOCKED_PYMOL","Pinned PyMOL runtime is unavailable in this environment; exact comparison was not fabricated."
"A-017","guide","tests/fixtures/mini-protein.pdb","PASS","BLOCKED","2","","9ba050f9ce4cf7f672482af26a620ced163d6be93ffafb40b406c6ee1f7251ae","","false","true","BLOCKED_PYMOL","Pinned PyMOL runtime is unavailable in this environment; exact comparison was not fabricated."
"A-018","bonded","tests/fixtures/mini-protein.pdb","PASS","BLOCKED","10","","abb4eab01537e2802416e8c495532859f97ece8eb0eb342bd9dc3e3db4b2fd38","","false","true","BLOCKED_PYMOL","Pinned PyMOL runtime is unavailable in this environment; exact comparison was not fabricated."
"A-019","donors","tests/fixtures/mini-protein.pdb","PASS","BLOCKED","7","","8d712e59cd200eca382c3e2f891b491ec587e067a7aece016fd3b81afbc7173e","","false","true","BLOCKED_PYMOL","Pinned PyMOL runtime is unavailable in this environment; exact comparison was not fabricated."
"A-020","acceptors","tests/fixtures/mini-protein.pdb","PASS","BLOCKED","4","","6388b279196c13c69d9a55ff0a36fa576f842d52cc8ece86bb1c7027d80c8fd9","","false","true","BLOCKED_PYMOL","Pinned PyMOL runtime is unavailable in this environment; exact comparison was not fabricated."
"AC-001","select active_site, byres (polymer.protein within 4 of organic)","tests/fixtures/mini-protein.pdb","PASS","BLOCKED","8","","4f53cda18c2baa0c0354bb5f9a3ecbe5ed12ab4d8e11ba873c2f11161202b945","","false","true","BLOCKED_PYMOL","Pinned PyMOL runtime is unavailable in this environment; exact comparison was not fabricated."
"AC-002","active_site","tests/fixtures/mini-protein.pdb","PASS","BLOCKED","8","","4f53cda18c2baa0c0354bb5f9a3ecbe5ed12ab4d8e11ba873c2f11161202b945","","false","true","BLOCKED_PYMOL","Pinned PyMOL runtime is unavailable in this environment; exact comparison was not fabricated."
"AC-003","%active_site","tests/fixtures/mini-protein.pdb","PASS","BLOCKED","8","","4f53cda18c2baa0c0354bb5f9a3ecbe5ed12ab4d8e11ba873c2f11161202b945","","false","true","BLOCKED_PYMOL","Pinned PyMOL runtime is unavailable in this environment; exact comparison was not fabricated."
"AC-004","?active_site","tests/fixtures/mini-protein.pdb","PASS","BLOCKED","8","","4f53cda18c2baa0c0354bb5f9a3ecbe5ed12ab4d8e11ba873c2f11161202b945","","false","true","BLOCKED_PYMOL","Pinned PyMOL runtime is unavailable in this environment; exact comparison was not fabricated."
"AC-005","?does_not_exist","tests/fixtures/mini-protein.pdb","EMPTY_VALID","BLOCKED","0","","4f53cda18c2baa0c0354bb5f9a3ecbe5ed12ab4d8e11ba873c2f11161202b945","","false","true","BLOCKED_PYMOL","Pinned PyMOL runtime is unavailable in this environment; exact comparison was not fabricated."
"AD-001","select ligand_test, organic","tests/fixtures/mini-protein.pdb","PASS","BLOCKED","2","","4f53cda18c2baa0c0354bb5f9a3ecbe5ed12ab4d8e11ba873c2f11161202b945","","false","true","BLOCKED_PYMOL","Pinned PyMOL runtime is unavailable in this environment; exact comparison was not fabricated."
"AD-002","select pocket_test, byres (polymer.protein within 4 of ligand_test)","tests/fixtures/mini-protein.pdb","PASS","BLOCKED","8","","4f53cda18c2baa0c0354bb5f9a3ecbe5ed12ab4d8e11ba873c2f11161202b945","","false","true","BLOCKED_PYMOL","Pinned PyMOL runtime is unavailable in this environment; exact comparison was not fabricated."
"AD-003","pocket_test and chain A","tests/fixtures/mini-protein.pdb","PASS","BLOCKED","8","","4f53cda18c2baa0c0354bb5f9a3ecbe5ed12ab4d8e11ba873c2f11161202b945","","false","true","BLOCKED_PYMOL","Pinned PyMOL runtime is unavailable in this environment; exact comparison was not fabricated."
"AD-004","pocket_test and name CA","tests/fixtures/mini-protein.pdb","PASS","BLOCKED","2","","4f53cda18c2baa0c0354bb5f9a3ecbe5ed12ab4d8e11ba873c2f11161202b945","","false","true","BLOCKED_PYMOL","Pinned PyMOL runtime is unavailable in this environment; exact comparison was not fabricated."
"AD-005","not pocket_test","tests/fixtures/mini-protein.pdb","PASS","BLOCKED","4","","99a8d7c32b17ac977b722304d827f56c408975b3352922a9d01184bceb7a5e13","","false","true","BLOCKED_PYMOL","Pinned PyMOL runtime is unavailable in this environment; exact comparison was not fabricated."
"AD-006","bychain pocket_test","tests/fixtures/mini-protein.pdb","PASS","BLOCKED","11","","4f53cda18c2baa0c0354bb5f9a3ecbe5ed12ab4d8e11ba873c2f11161202b945","","false","true","BLOCKED_PYMOL","Pinned PyMOL runtime is unavailable in this environment; exact comparison was not fabricated."
"AE-001","model mini-protein.pdb in model mini-protein.pdb","tests/fixtures/mini-protein.pdb","PASS","BLOCKED","12","","99a8d7c32b17ac977b722304d827f56c408975b3352922a9d01184bceb7a5e13","","false","true","BLOCKED_PYMOL","Pinned PyMOL runtime is unavailable in this environment; exact comparison was not fabricated."
"AF-001","model mini-protein.pdb like model mini-protein.pdb","tests/fixtures/mini-protein.pdb","PASS","BLOCKED","12","","99a8d7c32b17ac977b722304d827f56c408975b3352922a9d01184bceb7a5e13","","false","true","BLOCKED_PYMOL","Pinned PyMOL runtime is unavailable in this environment; exact comparison was not fabricated."
"AG-001","chain ZZZ","tests/fixtures/mini-protein.pdb","EMPTY_VALID","BLOCKED","0","","4f53cda18c2baa0c0354bb5f9a3ecbe5ed12ab4d8e11ba873c2f11161202b945","","false","true","BLOCKED_PYMOL","Pinned PyMOL runtime is unavailable in this environment; exact comparison was not fabricated."
"AG-002","resi 999999","tests/fixtures/mini-protein.pdb","EMPTY_VALID","BLOCKED","0","","4f53cda18c2baa0c0354bb5f9a3ecbe5ed12ab4d8e11ba873c2f11161202b945","","false","true","BLOCKED_PYMOL","Pinned PyMOL runtime is unavailable in this environment; exact comparison was not fabricated."
"AG-003","resn ZZZ","tests/fixtures/mini-protein.pdb","EMPTY_VALID","BLOCKED","0","","4f53cda18c2baa0c0354bb5f9a3ecbe5ed12ab4d8e11ba873c2f11161202b945","","false","true","BLOCKED_PYMOL","Pinned PyMOL runtime is unavailable in this environment; exact comparison was not fabricated."
"AG-004","name DOESNOTEXIST","tests/fixtures/mini-protein.pdb","EMPTY_VALID","BLOCKED","0","","4f53cda18c2baa0c0354bb5f9a3ecbe5ed12ab4d8e11ba873c2f11161202b945","","false","true","BLOCKED_PYMOL","Pinned PyMOL runtime is unavailable in this environment; exact comparison was not fabricated."
"AG-005","elem Xe","tests/fixtures/mini-protein.pdb","EMPTY_VALID","BLOCKED","0","","4f53cda18c2baa0c0354bb5f9a3ecbe5ed12ab4d8e11ba873c2f11161202b945","","false","true","BLOCKED_PYMOL","Pinned PyMOL runtime is unavailable in this environment; exact comparison was not fabricated."
"AG-006","model does_not_exist","tests/fixtures/mini-protein.pdb","EMPTY_VALID","BLOCKED","0","","4f53cda18c2baa0c0354bb5f9a3ecbe5ed12ab4d8e11ba873c2f11161202b945","","false","true","BLOCKED_PYMOL","Pinned PyMOL runtime is unavailable in this environment; exact comparison was not fabricated."
"AG-007","polymer.nucleic","tests/fixtures/mini-protein.pdb","IMPLEMENTED_WITH_LIMITATION","BLOCKED","0","","4f53cda18c2baa0c0354bb5f9a3ecbe5ed12ab4d8e11ba873c2f11161202b945","","false","true","BLOCKED_PYMOL","Pinned PyMOL runtime is unavailable in this environment; exact comparison was not fabricated."
"AG-008","metals","tests/fixtures/mini-protein.pdb","PASS","BLOCKED","1","","22213cf5f1bfd4a0502c624daa8c7803fc7d891ab2ce2e64beaf33bd9454c457","","false","true","BLOCKED_PYMOL","Pinned PyMOL runtime is unavailable in this environment; exact comparison was not fabricated."
"AG-009","hydrogens","tests/fixtures/mini-protein.pdb","EMPTY_VALID","BLOCKED","0","","4f53cda18c2baa0c0354bb5f9a3ecbe5ed12ab4d8e11ba873c2f11161202b945","","false","true","BLOCKED_PYMOL","Pinned PyMOL runtime is unavailable in this environment; exact comparison was not fabricated."
"AH-001","chain","tests/fixtures/mini-protein.pdb","INVALID_EXPECTED","BLOCKED","0","","4f53cda18c2baa0c0354bb5f9a3ecbe5ed12ab4d8e11ba873c2f11161202b945","","false","true","BLOCKED_PYMOL","Pinned PyMOL runtime is unavailable in this environment; exact comparison was not fabricated."
"AH-002","resi","tests/fixtures/mini-protein.pdb","INVALID_EXPECTED","BLOCKED","0","","4f53cda18c2baa0c0354bb5f9a3ecbe5ed12ab4d8e11ba873c2f11161202b945","","false","true","BLOCKED_PYMOL","Pinned PyMOL runtime is unavailable in this environment; exact comparison was not fabricated."
"AH-003","name","tests/fixtures/mini-protein.pdb","INVALID_EXPECTED","BLOCKED","0","","4f53cda18c2baa0c0354bb5f9a3ecbe5ed12ab4d8e11ba873c2f11161202b945","","false","true","BLOCKED_PYMOL","Pinned PyMOL runtime is unavailable in this environment; exact comparison was not fabricated."
"AH-004","elem","tests/fixtures/mini-protein.pdb","INVALID_EXPECTED","BLOCKED","0","","4f53cda18c2baa0c0354bb5f9a3ecbe5ed12ab4d8e11ba873c2f11161202b945","","false","true","BLOCKED_PYMOL","Pinned PyMOL runtime is unavailable in this environment; exact comparison was not fabricated."
"AH-005","within 4 of","tests/fixtures/mini-protein.pdb","INVALID_EXPECTED","BLOCKED","0","","4f53cda18c2baa0c0354bb5f9a3ecbe5ed12ab4d8e11ba873c2f11161202b945","","false","true","BLOCKED_PYMOL","Pinned PyMOL runtime is unavailable in this environment; exact comparison was not fabricated."
"AH-006","all within of organic","tests/fixtures/mini-protein.pdb","INVALID_EXPECTED","BLOCKED","0","","4f53cda18c2baa0c0354bb5f9a3ecbe5ed12ab4d8e11ba873c2f11161202b945","","false","true","BLOCKED_PYMOL","Pinned PyMOL runtime is unavailable in this environment; exact comparison was not fabricated."
"AH-007","byres","tests/fixtures/mini-protein.pdb","INVALID_EXPECTED","BLOCKED","0","","4f53cda18c2baa0c0354bb5f9a3ecbe5ed12ab4d8e11ba873c2f11161202b945","","false","true","BLOCKED_PYMOL","Pinned PyMOL runtime is unavailable in this environment; exact comparison was not fabricated."
"AH-008","neighbor","tests/fixtures/mini-protein.pdb","INVALID_EXPECTED","BLOCKED","0","","4f53cda18c2baa0c0354bb5f9a3ecbe5ed12ab4d8e11ba873c2f11161202b945","","false","true","BLOCKED_PYMOL","Pinned PyMOL runtime is unavailable in this environment; exact comparison was not fabricated."
"AH-009","extend","tests/fixtures/mini-protein.pdb","INVALID_EXPECTED","BLOCKED","0","","4f53cda18c2baa0c0354bb5f9a3ecbe5ed12ab4d8e11ba873c2f11161202b945","","false","true","BLOCKED_PYMOL","Pinned PyMOL runtime is unavailable in this environment; exact comparison was not fabricated."
"AH-010","all and","tests/fixtures/mini-protein.pdb","INVALID_EXPECTED","BLOCKED","0","","4f53cda18c2baa0c0354bb5f9a3ecbe5ed12ab4d8e11ba873c2f11161202b945","","false","true","BLOCKED_PYMOL","Pinned PyMOL runtime is unavailable in this environment; exact comparison was not fabricated."
"AH-011","or all","tests/fixtures/mini-protein.pdb","INVALID_EXPECTED","BLOCKED","0","","4f53cda18c2baa0c0354bb5f9a3ecbe5ed12ab4d8e11ba873c2f11161202b945","","false","true","BLOCKED_PYMOL","Pinned PyMOL runtime is unavailable in this environment; exact comparison was not fabricated."
"AH-012","not","tests/fixtures/mini-protein.pdb","INVALID_EXPECTED","BLOCKED","0","","4f53cda18c2baa0c0354bb5f9a3ecbe5ed12ab4d8e11ba873c2f11161202b945","","false","true","BLOCKED_PYMOL","Pinned PyMOL runtime is unavailable in this environment; exact comparison was not fabricated."
"AH-013","((chain A)","tests/fixtures/mini-protein.pdb","PASS","BLOCKED","","","4f53cda18c2baa0c0354bb5f9a3ecbe5ed12ab4d8e11ba873c2f11161202b945","","false","true","BLOCKED_PYMOL","Pinned PyMOL runtime is unavailable in this environment; exact comparison was not fabricated."
"AH-014","chain A))","tests/fixtures/mini-protein.pdb","PASS","BLOCKED","","","4f53cda18c2baa0c0354bb5f9a3ecbe5ed12ab4d8e11ba873c2f11161202b945","","false","true","BLOCKED_PYMOL","Pinned PyMOL runtime is unavailable in this environment; exact comparison was not fabricated."
"AH-015","resi abc---","tests/fixtures/mini-protein.pdb","EMPTY_VALID","BLOCKED","0","","4f53cda18c2baa0c0354bb5f9a3ecbe5ed12ab4d8e11ba873c2f11161202b945","","false","true","BLOCKED_PYMOL","Pinned PyMOL runtime is unavailable in this environment; exact comparison was not fabricated."
"AH-016","b <","tests/fixtures/mini-protein.pdb","INVALID_EXPECTED","BLOCKED","0","","4f53cda18c2baa0c0354bb5f9a3ecbe5ed12ab4d8e11ba873c2f11161202b945","","false","true","BLOCKED_PYMOL","Pinned PyMOL runtime is unavailable in this environment; exact comparison was not fabricated."
"AH-017","q >","tests/fixtures/mini-protein.pdb","INVALID_EXPECTED","BLOCKED","0","","4f53cda18c2baa0c0354bb5f9a3ecbe5ed12ab4d8e11ba873c2f11161202b945","","false","true","BLOCKED_PYMOL","Pinned PyMOL runtime is unavailable in this environment; exact comparison was not fabricated."
"AH-018","unknown_selector_xyz","tests/fixtures/mini-protein.pdb","INVALID_EXPECTED","BLOCKED","0","","4f53cda18c2baa0c0354bb5f9a3ecbe5ed12ab4d8e11ba873c2f11161202b945","","false","true","BLOCKED_PYMOL","Pinned PyMOL runtime is unavailable in this environment; exact comparison was not fabricated."
"AH-019","chain A and and name CA","tests/fixtures/mini-protein.pdb","INVALID_EXPECTED","BLOCKED","0","","4f53cda18c2baa0c0354bb5f9a3ecbe5ed12ab4d8e11ba873c2f11161202b945","","false","true","BLOCKED_PYMOL","Pinned PyMOL runtime is unavailable in this environment; exact comparison was not fabricated."
"AI-001","all within -1 of organic","tests/fixtures/mini-protein.pdb","INVALID_EXPECTED","BLOCKED","0","","4f53cda18c2baa0c0354bb5f9a3ecbe5ed12ab4d8e11ba873c2f11161202b945","","false","true","BLOCKED_PYMOL","Pinned PyMOL runtime is unavailable in this environment; exact comparison was not fabricated."
"AI-002","all within NaN of organic","tests/fixtures/mini-protein.pdb","INVALID_EXPECTED","BLOCKED","0","","4f53cda18c2baa0c0354bb5f9a3ecbe5ed12ab4d8e11ba873c2f11161202b945","","false","true","BLOCKED_PYMOL","Pinned PyMOL runtime is unavailable in this environment; exact comparison was not fabricated."
"AI-003","all within Infinity of organic","tests/fixtures/mini-protein.pdb","INVALID_EXPECTED","BLOCKED","0","","4f53cda18c2baa0c0354bb5f9a3ecbe5ed12ab4d8e11ba873c2f11161202b945","","false","true","BLOCKED_PYMOL","Pinned PyMOL runtime is unavailable in this environment; exact comparison was not fabricated."
"AI-004","all within abc of organic","tests/fixtures/mini-protein.pdb","INVALID_EXPECTED","BLOCKED","0","","4f53cda18c2baa0c0354bb5f9a3ecbe5ed12ab4d8e11ba873c2f11161202b945","","false","true","BLOCKED_PYMOL","Pinned PyMOL runtime is unavailable in this environment; exact comparison was not fabricated."
"AI-005","organic expand -2","tests/fixtures/mini-protein.pdb","INVALID_EXPECTED","BLOCKED","0","","4f53cda18c2baa0c0354bb5f9a3ecbe5ed12ab4d8e11ba873c2f11161202b945","","false","true","BLOCKED_PYMOL","Pinned PyMOL runtime is unavailable in this environment; exact comparison was not fabricated."
"AI-006","resi 4--9","tests/fixtures/mini-protein.pdb","EMPTY_VALID","BLOCKED","0","","4f53cda18c2baa0c0354bb5f9a3ecbe5ed12ab4d8e11ba873c2f11161202b945","","false","true","BLOCKED_PYMOL","Pinned PyMOL runtime is unavailable in this environment; exact comparison was not fabricated."
"AJ-001","chain A","tests/fixtures/mini-protein.pdb","PASS","BLOCKED","11","","88d0f7d15bad3d612734b3f47e2a7fdf57bfe1730dcf6346065a5b2a5f776c06","","false","true","BLOCKED_PYMOL","Pinned PyMOL runtime is unavailable in this environment; exact comparison was not fabricated."
"AJ-002","chain    A","tests/fixtures/mini-protein.pdb","PASS","BLOCKED","11","","88d0f7d15bad3d612734b3f47e2a7fdf57bfe1730dcf6346065a5b2a5f776c06","","false","true","BLOCKED_PYMOL","Pinned PyMOL runtime is unavailable in this environment; exact comparison was not fabricated."
"AJ-003","chain A","tests/fixtures/mini-protein.pdb","PASS","BLOCKED","11","","88d0f7d15bad3d612734b3f47e2a7fdf57bfe1730dcf6346065a5b2a5f776c06","","false","true","BLOCKED_PYMOL","Pinned PyMOL runtime is unavailable in this environment; exact comparison was not fabricated."
"AJ-004","chain A","tests/fixtures/mini-protein.pdb","PASS","BLOCKED","11","","88d0f7d15bad3d612734b3f47e2a7fdf57bfe1730dcf6346065a5b2a5f776c06","","false","true","BLOCKED_PYMOL","Pinned PyMOL runtime is unavailable in this environment; exact comparison was not fabricated."
"AJ-005","(chain A)","tests/fixtures/mini-protein.pdb","PASS","BLOCKED","11","","88d0f7d15bad3d612734b3f47e2a7fdf57bfe1730dcf6346065a5b2a5f776c06","","false","true","BLOCKED_PYMOL","Pinned PyMOL runtime is unavailable in this environment; exact comparison was not fabricated."
"AJ-006","( chain A )","tests/fixtures/mini-protein.pdb","PASS","BLOCKED","11","","88d0f7d15bad3d612734b3f47e2a7fdf57bfe1730dcf6346065a5b2a5f776c06","","false","true","BLOCKED_PYMOL","Pinned PyMOL runtime is unavailable in this environment; exact comparison was not fabricated."
"AJ-007","polymer.protein and chain A","tests/fixtures/mini-protein.pdb","PASS","BLOCKED","8","","db7a0b7cd9058b0e5113319a7afd4af55512970b434dba6d5f140441ad426c6b","","false","true","BLOCKED_PYMOL","Pinned PyMOL runtime is unavailable in this environment; exact comparison was not fabricated."
"AJ-008","polymer.protein    and    chain A","tests/fixtures/mini-protein.pdb","PASS","BLOCKED","8","","db7a0b7cd9058b0e5113319a7afd4af55512970b434dba6d5f140441ad426c6b","","false","true","BLOCKED_PYMOL","Pinned PyMOL runtime is unavailable in this environment; exact comparison was not fabricated."
"AK-001","chain A","tests/fixtures/mini-protein.pdb","PASS","BLOCKED","11","","88d0f7d15bad3d612734b3f47e2a7fdf57bfe1730dcf6346065a5b2a5f776c06","","false","true","BLOCKED_PYMOL","Pinned PyMOL runtime is unavailable in this environment; exact comparison was not fabricated."
"AK-002","CHAIN A","tests/fixtures/mini-protein.pdb","PASS","BLOCKED","11","","88d0f7d15bad3d612734b3f47e2a7fdf57bfe1730dcf6346065a5b2a5f776c06","","false","true","BLOCKED_PYMOL","Pinned PyMOL runtime is unavailable in this environment; exact comparison was not fabricated."
"AK-003","Chain A","tests/fixtures/mini-protein.pdb","PASS","BLOCKED","11","","88d0f7d15bad3d612734b3f47e2a7fdf57bfe1730dcf6346065a5b2a5f776c06","","false","true","BLOCKED_PYMOL","Pinned PyMOL runtime is unavailable in this environment; exact comparison was not fabricated."
"AL-001","byres (polymer.protein within 4.0 of organic)","tests/fixtures/mini-protein.pdb","PASS","BLOCKED","8","","db7a0b7cd9058b0e5113319a7afd4af55512970b434dba6d5f140441ad426c6b","","false","true","BLOCKED_PYMOL","Pinned PyMOL runtime is unavailable in this environment; exact comparison was not fabricated."
"AL-002","byres ((polymer.protein and chain A) within 4.0 of organic)","tests/fixtures/mini-protein.pdb","PASS","BLOCKED","8","","db7a0b7cd9058b0e5113319a7afd4af55512970b434dba6d5f140441ad426c6b","","false","true","BLOCKED_PYMOL","Pinned PyMOL runtime is unavailable in this environment; exact comparison was not fabricated."
"AL-003","byres ((polymer.protein and not resn GLY) within 4.0 of organic)","tests/fixtures/mini-protein.pdb","PASS","BLOCKED","4","","f04b8299f9955c2a1ab6a24f6e2eecae52fc87091ac850ac882f05f5cc655283","","false","true","BLOCKED_PYMOL","Pinned PyMOL runtime is unavailable in this environment; exact comparison was not fabricated."
"AL-004","byres (polymer.protein within 4.0 of (organic and elem O+N))","tests/fixtures/mini-protein.pdb","EMPTY_VALID","BLOCKED","0","","4f53cda18c2baa0c0354bb5f9a3ecbe5ed12ab4d8e11ba873c2f11161202b945","","false","true","BLOCKED_PYMOL","Pinned PyMOL runtime is unavailable in this environment; exact comparison was not fabricated."
"AL-005","(byres (polymer.protein within 4.0 of organic)) and name CA","tests/fixtures/mini-protein.pdb","PASS","BLOCKED","2","","9ba050f9ce4cf7f672482af26a620ced163d6be93ffafb40b406c6ee1f7251ae","","false","true","BLOCKED_PYMOL","Pinned PyMOL runtime is unavailable in this environment; exact comparison was not fabricated."
"AM-001","polymer.protein and backbone","tests/fixtures/mini-protein.pdb","PASS","BLOCKED","8","","db7a0b7cd9058b0e5113319a7afd4af55512970b434dba6d5f140441ad426c6b","","false","true","BLOCKED_PYMOL","Pinned PyMOL runtime is unavailable in this environment; exact comparison was not fabricated."
"AM-002","polymer.protein and sidechain","tests/fixtures/mini-protein.pdb","EMPTY_VALID","BLOCKED","0","","4f53cda18c2baa0c0354bb5f9a3ecbe5ed12ab4d8e11ba873c2f11161202b945","","false","true","BLOCKED_PYMOL","Pinned PyMOL runtime is unavailable in this environment; exact comparison was not fabricated."
"AM-003","(polymer.protein and backbone) or (polymer.protein and sidechain)","tests/fixtures/mini-protein.pdb","PASS","BLOCKED","8","","db7a0b7cd9058b0e5113319a7afd4af55512970b434dba6d5f140441ad426c6b","","false","true","BLOCKED_PYMOL","Pinned PyMOL runtime is unavailable in this environment; exact comparison was not fabricated."
"AN-001","organic","tests/fixtures/mini-protein.pdb","PASS","BLOCKED","2","","ca1ac9be36fba3e743490eff671bb5ab7e4d99ffa51d365f2b20957c37684cce","","false","true","BLOCKED_PYMOL","Pinned PyMOL runtime is unavailable in this environment; exact comparison was not fabricated."
"AN-002","organic and elem C","tests/fixtures/mini-protein.pdb","PASS","BLOCKED","1","","2e399c3876d1ea61f8c745e295e04901c2096249bda102a27b98f5fe673482fd","","false","true","BLOCKED_PYMOL","Pinned PyMOL runtime is unavailable in this environment; exact comparison was not fabricated."
"AN-003","organic and elem N","tests/fixtures/mini-protein.pdb","EMPTY_VALID","BLOCKED","0","","4f53cda18c2baa0c0354bb5f9a3ecbe5ed12ab4d8e11ba873c2f11161202b945","","false","true","BLOCKED_PYMOL","Pinned PyMOL runtime is unavailable in this environment; exact comparison was not fabricated."
"AN-004","organic and elem O","tests/fixtures/mini-protein.pdb","PASS","BLOCKED","1","","a04719c4900a9f254e2519a00bab3e282037bed7424e5f29ff4fbcf9b475811e","","false","true","BLOCKED_PYMOL","Pinned PyMOL runtime is unavailable in this environment; exact comparison was not fabricated."
"AN-005","organic and donors","tests/fixtures/mini-protein.pdb","PASS","BLOCKED","1","","a04719c4900a9f254e2519a00bab3e282037bed7424e5f29ff4fbcf9b475811e","","false","true","BLOCKED_PYMOL","Pinned PyMOL runtime is unavailable in this environment; exact comparison was not fabricated."
"AN-006","organic and acceptors","tests/fixtures/mini-protein.pdb","PASS","BLOCKED","1","","a04719c4900a9f254e2519a00bab3e282037bed7424e5f29ff4fbcf9b475811e","","false","true","BLOCKED_PYMOL","Pinned PyMOL runtime is unavailable in this environment; exact comparison was not fabricated."
"AN-007","neighbor organic","tests/fixtures/mini-protein.pdb","EMPTY_VALID","BLOCKED","0","","4f53cda18c2baa0c0354bb5f9a3ecbe5ed12ab4d8e11ba873c2f11161202b945","","false","true","BLOCKED_PYMOL","Pinned PyMOL runtime is unavailable in this environment; exact comparison was not fabricated."
"AN-008","bymolecule organic","tests/fixtures/mini-protein.pdb","PASS","BLOCKED","2","","ca1ac9be36fba3e743490eff671bb5ab7e4d99ffa51d365f2b20957c37684cce","","false","true","BLOCKED_PYMOL","Pinned PyMOL runtime is unavailable in this environment; exact comparison was not fabricated."
"AN-009","byring organic","tests/fixtures/mini-protein.pdb","EMPTY_VALID","BLOCKED","0","","4f53cda18c2baa0c0354bb5f9a3ecbe5ed12ab4d8e11ba873c2f11161202b945","","false","true","BLOCKED_PYMOL","Pinned PyMOL runtime is unavailable in this environment; exact comparison was not fabricated."
"AN-010","polymer.protein within 3 of organic","tests/fixtures/mini-protein.pdb","PASS","BLOCKED","3","","e80ca63920ce44ea769d4a41ba6d26aa11dd505ffe429937cd90dfac274a63a0","","false","true","BLOCKED_PYMOL","Pinned PyMOL runtime is unavailable in this environment; exact comparison was not fabricated."
"AN-011","polymer.protein within 4 of organic","tests/fixtures/mini-protein.pdb","PASS","BLOCKED","4","","5e87571a702fdb295b46849f8f819cc7dc141f4b9ae602c3385bc511e77d5642","","false","true","BLOCKED_PYMOL","Pinned PyMOL runtime is unavailable in this environment; exact comparison was not fabricated."
"AN-012","polymer.protein within 5 of organic","tests/fixtures/mini-protein.pdb","PASS","BLOCKED","7","","716c2e80717eadbd4736ae7efda1d0080c1e72061e482ee05c9cf112bd7755c2","","false","true","BLOCKED_PYMOL","Pinned PyMOL runtime is unavailable in this environment; exact comparison was not fabricated."
"AN-013","byres (polymer.protein within 4 of organic)","tests/fixtures/mini-protein.pdb","PASS","BLOCKED","8","","db7a0b7cd9058b0e5113319a7afd4af55512970b434dba6d5f140441ad426c6b","","false","true","BLOCKED_PYMOL","Pinned PyMOL runtime is unavailable in this environment; exact comparison was not fabricated."
"AO-001","solvent","tests/fixtures/water.xyz","EMPTY_VALID","BLOCKED","0","","4f53cda18c2baa0c0354bb5f9a3ecbe5ed12ab4d8e11ba873c2f11161202b945","","false","true","BLOCKED_PYMOL","Pinned PyMOL runtime is unavailable in this environment; exact comparison was not fabricated."
"AO-002","solvent and elem O","tests/fixtures/water.xyz","EMPTY_VALID","BLOCKED","0","","4f53cda18c2baa0c0354bb5f9a3ecbe5ed12ab4d8e11ba873c2f11161202b945","","false","true","BLOCKED_PYMOL","Pinned PyMOL runtime is unavailable in this environment; exact comparison was not fabricated."
"AO-003","solvent within 3.5 of organic","tests/fixtures/water.xyz","EMPTY_VALID","BLOCKED","0","","4f53cda18c2baa0c0354bb5f9a3ecbe5ed12ab4d8e11ba873c2f11161202b945","","false","true","BLOCKED_PYMOL","Pinned PyMOL runtime is unavailable in this environment; exact comparison was not fabricated."
"AO-004","byres (solvent within 3.5 of organic)","tests/fixtures/water.xyz","EMPTY_VALID","BLOCKED","0","","4f53cda18c2baa0c0354bb5f9a3ecbe5ed12ab4d8e11ba873c2f11161202b945","","false","true","BLOCKED_PYMOL","Pinned PyMOL runtime is unavailable in this environment; exact comparison was not fabricated."
"AP-001","metals","tests/fixtures/unit-cell.pdb","PASS","BLOCKED","1","","2c0b79918ea17c49236dbd7ee0c59edff720208fdae1946ba5b04793b99899b6","","false","true","BLOCKED_PYMOL","Pinned PyMOL runtime is unavailable in this environment; exact comparison was not fabricated."
"AP-002","inorganic","tests/fixtures/unit-cell.pdb","PASS","BLOCKED","1","","2c0b79918ea17c49236dbd7ee0c59edff720208fdae1946ba5b04793b99899b6","","false","true","BLOCKED_PYMOL","Pinned PyMOL runtime is unavailable in this environment; exact comparison was not fabricated."
"AP-003","metals within 4 of organic","tests/fixtures/unit-cell.pdb","EMPTY_VALID","BLOCKED","0","","4f53cda18c2baa0c0354bb5f9a3ecbe5ed12ab4d8e11ba873c2f11161202b945","","false","true","BLOCKED_PYMOL","Pinned PyMOL runtime is unavailable in this environment; exact comparison was not fabricated."
"AP-004","polymer.protein within 3 of metals","tests/fixtures/unit-cell.pdb","EMPTY_VALID","BLOCKED","0","","4f53cda18c2baa0c0354bb5f9a3ecbe5ed12ab4d8e11ba873c2f11161202b945","","false","true","BLOCKED_PYMOL","Pinned PyMOL runtime is unavailable in this environment; exact comparison was not fabricated."
"AP-005","byres (polymer.protein within 3 of metals)","tests/fixtures/unit-cell.pdb","EMPTY_VALID","BLOCKED","0","","4f53cda18c2baa0c0354bb5f9a3ecbe5ed12ab4d8e11ba873c2f11161202b945","","false","true","BLOCKED_PYMOL","Pinned PyMOL runtime is unavailable in this environment; exact comparison was not fabricated."
"AQ-001","model mini-protein.pdb and chain A","tests/fixtures/mini-protein.pdb","PASS","BLOCKED","11","","88d0f7d15bad3d612734b3f47e2a7fdf57bfe1730dcf6346065a5b2a5f776c06","","false","true","BLOCKED_PYMOL","Pinned PyMOL runtime is unavailable in this environment; exact comparison was not fabricated."
"AQ-002","model mini-protein.pdb and chain A","tests/fixtures/mini-protein.pdb","PASS","BLOCKED","11","","88d0f7d15bad3d612734b3f47e2a7fdf57bfe1730dcf6346065a5b2a5f776c06","","false","true","BLOCKED_PYMOL","Pinned PyMOL runtime is unavailable in this environment; exact comparison was not fabricated."
"AQ-003","chain A","tests/fixtures/mini-protein.pdb","PASS","BLOCKED","11","","88d0f7d15bad3d612734b3f47e2a7fdf57bfe1730dcf6346065a5b2a5f776c06","","false","true","BLOCKED_PYMOL","Pinned PyMOL runtime is unavailable in this environment; exact comparison was not fabricated."
"AQ-004","model mini-protein.pdb and resi 45","tests/fixtures/mini-protein.pdb","EMPTY_VALID","BLOCKED","0","","4f53cda18c2baa0c0354bb5f9a3ecbe5ed12ab4d8e11ba873c2f11161202b945","","false","true","BLOCKED_PYMOL","Pinned PyMOL runtime is unavailable in this environment; exact comparison was not fabricated."
"AQ-005","model mini-protein.pdb and resi 45","tests/fixtures/mini-protein.pdb","EMPTY_VALID","BLOCKED","0","","4f53cda18c2baa0c0354bb5f9a3ecbe5ed12ab4d8e11ba873c2f11161202b945","","false","true","BLOCKED_PYMOL","Pinned PyMOL runtime is unavailable in this environment; exact comparison was not fabricated."
"B-001","model mini-protein.pdb","tests/fixtures/mini-protein.pdb","PASS","BLOCKED","12","","99a8d7c32b17ac977b722304d827f56c408975b3352922a9d01184bceb7a5e13","","false","true","BLOCKED_PYMOL","Pinned PyMOL runtime is unavailable in this environment; exact comparison was not fabricated."
"B-002","model mini-protein.pdb","tests/fixtures/mini-protein.pdb","PASS","BLOCKED","12","","99a8d7c32b17ac977b722304d827f56c408975b3352922a9d01184bceb7a5e13","","false","true","BLOCKED_PYMOL","Pinned PyMOL runtime is unavailable in this environment; exact comparison was not fabricated."
"B-003","model mini-protein.pdb or model mini-protein.pdb","tests/fixtures/mini-protein.pdb","PASS","BLOCKED","12","","99a8d7c32b17ac977b722304d827f56c408975b3352922a9d01184bceb7a5e13","","false","true","BLOCKED_PYMOL","Pinned PyMOL runtime is unavailable in this environment; exact comparison was not fabricated."
"B-004","model mini-protein.pdb and model mini-protein.pdb","tests/fixtures/mini-protein.pdb","PASS","BLOCKED","12","","99a8d7c32b17ac977b722304d827f56c408975b3352922a9d01184bceb7a5e13","","false","true","BLOCKED_PYMOL","Pinned PyMOL runtime is unavailable in this environment; exact comparison was not fabricated."
"B-005","not model mini-protein.pdb","tests/fixtures/mini-protein.pdb","EMPTY_VALID","BLOCKED","0","","4f53cda18c2baa0c0354bb5f9a3ecbe5ed12ab4d8e11ba873c2f11161202b945","","false","true","BLOCKED_PYMOL","Pinned PyMOL runtime is unavailable in this environment; exact comparison was not fabricated."
"B-006","byobject (model mini-protein.pdb and name CA)","tests/fixtures/mini-protein.pdb","PASS","BLOCKED","12","","99a8d7c32b17ac977b722304d827f56c408975b3352922a9d01184bceb7a5e13","","false","true","BLOCKED_PYMOL","Pinned PyMOL runtime is unavailable in this environment; exact comparison was not fabricated."
"C-001","chain A","tests/fixtures/mini-protein.pdb","PASS","BLOCKED","11","","88d0f7d15bad3d612734b3f47e2a7fdf57bfe1730dcf6346065a5b2a5f776c06","","false","true","BLOCKED_PYMOL","Pinned PyMOL runtime is unavailable in this environment; exact comparison was not fabricated."
"C-002","not chain A","tests/fixtures/mini-protein.pdb","PASS","BLOCKED","1","","22213cf5f1bfd4a0502c624daa8c7803fc7d891ab2ce2e64beaf33bd9454c457","","false","true","BLOCKED_PYMOL","Pinned PyMOL runtime is unavailable in this environment; exact comparison was not fabricated."
"C-003","chain A or chain B","tests/fixtures/mini-protein.pdb","PASS","BLOCKED","12","","99a8d7c32b17ac977b722304d827f56c408975b3352922a9d01184bceb7a5e13","","false","true","BLOCKED_PYMOL","Pinned PyMOL runtime is unavailable in this environment; exact comparison was not fabricated."
"C-004","chain A and polymer.protein","tests/fixtures/mini-protein.pdb","PASS","BLOCKED","8","","db7a0b7cd9058b0e5113319a7afd4af55512970b434dba6d5f140441ad426c6b","","false","true","BLOCKED_PYMOL","Pinned PyMOL runtime is unavailable in this environment; exact comparison was not fabricated."
"C-005","chain ZZZ","tests/fixtures/mini-protein.pdb","EMPTY_VALID","BLOCKED","0","","4f53cda18c2baa0c0354bb5f9a3ecbe5ed12ab4d8e11ba873c2f11161202b945","","false","true","BLOCKED_PYMOL","Pinned PyMOL runtime is unavailable in this environment; exact comparison was not fabricated."
"C-006","chain A","tests/fixtures/mini-protein.pdb","PASS","BLOCKED","11","","88d0f7d15bad3d612734b3f47e2a7fdf57bfe1730dcf6346065a5b2a5f776c06","","false","true","BLOCKED_PYMOL","Pinned PyMOL runtime is unavailable in this environment; exact comparison was not fabricated."
"C-007","chain a","tests/fixtures/mini-protein.pdb","PASS","BLOCKED","11","","88d0f7d15bad3d612734b3f47e2a7fdf57bfe1730dcf6346065a5b2a5f776c06","","false","true","BLOCKED_PYMOL","Pinned PyMOL runtime is unavailable in this environment; exact comparison was not fabricated."
"D-001","resn ALA","tests/fixtures/mini-protein.pdb","PASS","BLOCKED","4","","f04b8299f9955c2a1ab6a24f6e2eecae52fc87091ac850ac882f05f5cc655283","","false","true","BLOCKED_PYMOL","Pinned PyMOL runtime is unavailable in this environment; exact comparison was not fabricated."
"D-002","resn GLY","tests/fixtures/mini-protein.pdb","PASS","BLOCKED","4","","f073baa4fd0541a3658a4a38accbea2fb3be3b7d9b0d569e6cccf8b619de3ad6","","false","true","BLOCKED_PYMOL","Pinned PyMOL runtime is unavailable in this environment; exact comparison was not fabricated."
"D-003","resn TYR","tests/fixtures/mini-protein.pdb","EMPTY_VALID","BLOCKED","0","","4f53cda18c2baa0c0354bb5f9a3ecbe5ed12ab4d8e11ba873c2f11161202b945","","false","true","BLOCKED_PYMOL","Pinned PyMOL runtime is unavailable in this environment; exact comparison was not fabricated."
"D-004","resn ASP","tests/fixtures/mini-protein.pdb","EMPTY_VALID","BLOCKED","0","","4f53cda18c2baa0c0354bb5f9a3ecbe5ed12ab4d8e11ba873c2f11161202b945","","false","true","BLOCKED_PYMOL","Pinned PyMOL runtime is unavailable in this environment; exact comparison was not fabricated."
"D-005","resn ALA+GLY","tests/fixtures/mini-protein.pdb","EMPTY_VALID","BLOCKED","0","","4f53cda18c2baa0c0354bb5f9a3ecbe5ed12ab4d8e11ba873c2f11161202b945","","false","true","BLOCKED_PYMOL","Pinned PyMOL runtime is unavailable in this environment; exact comparison was not fabricated."
"D-006","polymer.protein and resn TYR","tests/fixtures/mini-protein.pdb","EMPTY_VALID","BLOCKED","0","","4f53cda18c2baa0c0354bb5f9a3ecbe5ed12ab4d8e11ba873c2f11161202b945","","false","true","BLOCKED_PYMOL","Pinned PyMOL runtime is unavailable in this environment; exact comparison was not fabricated."
"D-007","chain A and resn ASP","tests/fixtures/mini-protein.pdb","EMPTY_VALID","BLOCKED","0","","4f53cda18c2baa0c0354bb5f9a3ecbe5ed12ab4d8e11ba873c2f11161202b945","","false","true","BLOCKED_PYMOL","Pinned PyMOL runtime is unavailable in this environment; exact comparison was not fabricated."
"D-008","resn LIG","tests/fixtures/mini-protein.pdb","PASS","BLOCKED","2","","ca1ac9be36fba3e743490eff671bb5ab7e4d99ffa51d365f2b20957c37684cce","","false","true","BLOCKED_PYMOL","Pinned PyMOL runtime is unavailable in this environment; exact comparison was not fabricated."
"E-001","resi 45","tests/fixtures/mini-protein.pdb","EMPTY_VALID","BLOCKED","0","","4f53cda18c2baa0c0354bb5f9a3ecbe5ed12ab4d8e11ba873c2f11161202b945","","false","true","BLOCKED_PYMOL","Pinned PyMOL runtime is unavailable in this environment; exact comparison was not fabricated."
"E-002","resi 45+46","tests/fixtures/mini-protein.pdb","EMPTY_VALID","BLOCKED","0","","4f53cda18c2baa0c0354bb5f9a3ecbe5ed12ab4d8e11ba873c2f11161202b945","","false","true","BLOCKED_PYMOL","Pinned PyMOL runtime is unavailable in this environment; exact comparison was not fabricated."
"E-003","resi 40-50","tests/fixtures/mini-protein.pdb","EMPTY_VALID","BLOCKED","0","","4f53cda18c2baa0c0354bb5f9a3ecbe5ed12ab4d8e11ba873c2f11161202b945","","false","true","BLOCKED_PYMOL","Pinned PyMOL runtime is unavailable in this environment; exact comparison was not fabricated."
"E-004","chain A and resi 45","tests/fixtures/mini-protein.pdb","EMPTY_VALID","BLOCKED","0","","4f53cda18c2baa0c0354bb5f9a3ecbe5ed12ab4d8e11ba873c2f11161202b945","","false","true","BLOCKED_PYMOL","Pinned PyMOL runtime is unavailable in this environment; exact comparison was not fabricated."
"E-005","chain A and resi 40-50","tests/fixtures/mini-protein.pdb","EMPTY_VALID","BLOCKED","0","","4f53cda18c2baa0c0354bb5f9a3ecbe5ed12ab4d8e11ba873c2f11161202b945","","false","true","BLOCKED_PYMOL","Pinned PyMOL runtime is unavailable in this environment; exact comparison was not fabricated."
"E-006","resi 1","tests/fixtures/mini-protein.pdb","PASS","BLOCKED","4","","f04b8299f9955c2a1ab6a24f6e2eecae52fc87091ac850ac882f05f5cc655283","","false","true","BLOCKED_PYMOL","Pinned PyMOL runtime is unavailable in this environment; exact comparison was not fabricated."
"E-007","resi HETOM","tests/fixtures/mini-protein.pdb","EMPTY_VALID","BLOCKED","0","","4f53cda18c2baa0c0354bb5f9a3ecbe5ed12ab4d8e11ba873c2f11161202b945","","false","true","BLOCKED_PYMOL","Pinned PyMOL runtime is unavailable in this environment; exact comparison was not fabricated."
"F-001","name CA","tests/fixtures/mini-protein.pdb","PASS","BLOCKED","2","","9ba050f9ce4cf7f672482af26a620ced163d6be93ffafb40b406c6ee1f7251ae","","false","true","BLOCKED_PYMOL","Pinned PyMOL runtime is unavailable in this environment; exact comparison was not fabricated."
"F-002","name N","tests/fixtures/mini-protein.pdb","PASS","BLOCKED","2","","18f06d41ca2a37e24e15cc78300239729aac7ce92d87f8c78b1371002d6ded60","","false","true","BLOCKED_PYMOL","Pinned PyMOL runtime is unavailable in this environment; exact comparison was not fabricated."
"F-003","name C","tests/fixtures/mini-protein.pdb","PASS","BLOCKED","2","","5de8a5d597ef85652cbf3c57848f89daa912043326b18899f72741ef20f71a05","","false","true","BLOCKED_PYMOL","Pinned PyMOL runtime is unavailable in this environment; exact comparison was not fabricated."
"F-004","name O","tests/fixtures/mini-protein.pdb","PASS","BLOCKED","3","","fb7a093a7d56e0b0d2acb43fbe016556bcd9178c1b29a11ffed2432946d5fa2f","","false","true","BLOCKED_PYMOL","Pinned PyMOL runtime is unavailable in this environment; exact comparison was not fabricated."
"F-005","name CA+N+C+O","tests/fixtures/mini-protein.pdb","EMPTY_VALID","BLOCKED","0","","4f53cda18c2baa0c0354bb5f9a3ecbe5ed12ab4d8e11ba873c2f11161202b945","","false","true","BLOCKED_PYMOL","Pinned PyMOL runtime is unavailable in this environment; exact comparison was not fabricated."
"F-006","polymer.protein and name CA","tests/fixtures/mini-protein.pdb","PASS","BLOCKED","2","","9ba050f9ce4cf7f672482af26a620ced163d6be93ffafb40b406c6ee1f7251ae","","false","true","BLOCKED_PYMOL","Pinned PyMOL runtime is unavailable in this environment; exact comparison was not fabricated."
"F-007","chain A and name CA","tests/fixtures/mini-protein.pdb","PASS","BLOCKED","2","","9ba050f9ce4cf7f672482af26a620ced163d6be93ffafb40b406c6ee1f7251ae","","false","true","BLOCKED_PYMOL","Pinned PyMOL runtime is unavailable in this environment; exact comparison was not fabricated."
"F-008","resi 45 and name CA","tests/fixtures/mini-protein.pdb","EMPTY_VALID","BLOCKED","0","","4f53cda18c2baa0c0354bb5f9a3ecbe5ed12ab4d8e11ba873c2f11161202b945","","false","true","BLOCKED_PYMOL","Pinned PyMOL runtime is unavailable in this environment; exact comparison was not fabricated."
"G-001","elem C","tests/fixtures/mini-protein.pdb","PASS","BLOCKED","5","","8c97c49e8943e7cff84849223eca33536fe35a7ec5dd28c004195511f9afa225","","false","true","BLOCKED_PYMOL","Pinned PyMOL runtime is unavailable in this environment; exact comparison was not fabricated."
"G-002","elem N","tests/fixtures/mini-protein.pdb","PASS","BLOCKED","2","","18f06d41ca2a37e24e15cc78300239729aac7ce92d87f8c78b1371002d6ded60","","false","true","BLOCKED_PYMOL","Pinned PyMOL runtime is unavailable in this environment; exact comparison was not fabricated."
"G-003","elem O","tests/fixtures/mini-protein.pdb","PASS","BLOCKED","4","","6388b279196c13c69d9a55ff0a36fa576f842d52cc8ece86bb1c7027d80c8fd9","","false","true","BLOCKED_PYMOL","Pinned PyMOL runtime is unavailable in this environment; exact comparison was not fabricated."
"G-004","elem S","tests/fixtures/mini-protein.pdb","EMPTY_VALID","BLOCKED","0","","4f53cda18c2baa0c0354bb5f9a3ecbe5ed12ab4d8e11ba873c2f11161202b945","","false","true","BLOCKED_PYMOL","Pinned PyMOL runtime is unavailable in this environment; exact comparison was not fabricated."
"G-005","elem P","tests/fixtures/mini-protein.pdb","EMPTY_VALID","BLOCKED","0","","4f53cda18c2baa0c0354bb5f9a3ecbe5ed12ab4d8e11ba873c2f11161202b945","","false","true","BLOCKED_PYMOL","Pinned PyMOL runtime is unavailable in this environment; exact comparison was not fabricated."
"G-006","organic and elem C","tests/fixtures/mini-protein.pdb","PASS","BLOCKED","1","","2e399c3876d1ea61f8c745e295e04901c2096249bda102a27b98f5fe673482fd","","false","true","BLOCKED_PYMOL","Pinned PyMOL runtime is unavailable in this environment; exact comparison was not fabricated."
"G-007","polymer.protein and elem N","tests/fixtures/mini-protein.pdb","PASS","BLOCKED","2","","18f06d41ca2a37e24e15cc78300239729aac7ce92d87f8c78b1371002d6ded60","","false","true","BLOCKED_PYMOL","Pinned PyMOL runtime is unavailable in this environment; exact comparison was not fabricated."
"G-008","solvent and elem O","tests/fixtures/mini-protein.pdb","PASS","BLOCKED","1","","e799ff348dde1e4388ebbdc1c60d8a5e11b73d4819b3158c8723f4aa39f08d79","","false","true","BLOCKED_PYMOL","Pinned PyMOL runtime is unavailable in this environment; exact comparison was not fabricated."
"G-009","metals and elem Zn","tests/fixtures/unit-cell.pdb","EMPTY_VALID","BLOCKED","0","","4f53cda18c2baa0c0354bb5f9a3ecbe5ed12ab4d8e11ba873c2f11161202b945","","false","true","BLOCKED_PYMOL","Pinned PyMOL runtime is unavailable in this environment; exact comparison was not fabricated."
"H-001","polymer.protein and chain A","tests/fixtures/mini-protein.pdb","PASS","BLOCKED","8","","db7a0b7cd9058b0e5113319a7afd4af55512970b434dba6d5f140441ad426c6b","","false","true","BLOCKED_PYMOL","Pinned PyMOL runtime is unavailable in this environment; exact comparison was not fabricated."
"H-002","polymer.protein or organic","tests/fixtures/mini-protein.pdb","PASS","BLOCKED","10","","abb4eab01537e2802416e8c495532859f97ece8eb0eb342bd9dc3e3db4b2fd38","","false","true","BLOCKED_PYMOL","Pinned PyMOL runtime is unavailable in this environment; exact comparison was not fabricated."
"H-003","not solvent","tests/fixtures/mini-protein.pdb","PASS","BLOCKED","11","","b7e6d3a9712dc75e98df0ae9bc86f5354a15237694bff0b3e53ee7b220ce3a74","","false","true","BLOCKED_PYMOL","Pinned PyMOL runtime is unavailable in this environment; exact comparison was not fabricated."
"H-004","not polymer","tests/fixtures/mini-protein.pdb","PASS","BLOCKED","4","","757c641463bce553173c47776a2243ae319e5c25a92c72ba1522e746531f8eb1","","false","true","BLOCKED_PYMOL","Pinned PyMOL runtime is unavailable in this environment; exact comparison was not fabricated."
"H-005","chain A and name CA","tests/fixtures/mini-protein.pdb","PASS","BLOCKED","2","","9ba050f9ce4cf7f672482af26a620ced163d6be93ffafb40b406c6ee1f7251ae","","false","true","BLOCKED_PYMOL","Pinned PyMOL runtime is unavailable in this environment; exact comparison was not fabricated."
"H-006","chain A and (resn ALA or resn GLY)","tests/fixtures/mini-protein.pdb","PASS","BLOCKED","8","","db7a0b7cd9058b0e5113319a7afd4af55512970b434dba6d5f140441ad426c6b","","false","true","BLOCKED_PYMOL","Pinned PyMOL runtime is unavailable in this environment; exact comparison was not fabricated."
"H-007","(chain A or chain B) and name CA","tests/fixtures/mini-protein.pdb","PASS","BLOCKED","2","","9ba050f9ce4cf7f672482af26a620ced163d6be93ffafb40b406c6ee1f7251ae","","false","true","BLOCKED_PYMOL","Pinned PyMOL runtime is unavailable in this environment; exact comparison was not fabricated."
"H-008","polymer.protein and not name CA","tests/fixtures/mini-protein.pdb","PASS","BLOCKED","6","","61212978080a8fe41bbb78b66c5ae1f488a9d994faf3547771ccd0e58c307e34","","false","true","BLOCKED_PYMOL","Pinned PyMOL runtime is unavailable in this environment; exact comparison was not fabricated."
"H-009","organic and not elem C","tests/fixtures/mini-protein.pdb","PASS","BLOCKED","1","","a04719c4900a9f254e2519a00bab3e282037bed7424e5f29ff4fbcf9b475811e","","false","true","BLOCKED_PYMOL","Pinned PyMOL runtime is unavailable in this environment; exact comparison was not fabricated."
"H-010","chain A and resn ALA or resn GLY","tests/fixtures/mini-protein.pdb","PASS","BLOCKED","8","","db7a0b7cd9058b0e5113319a7afd4af55512970b434dba6d5f140441ad426c6b","","false","true","BLOCKED_PYMOL","Pinned PyMOL runtime is unavailable in this environment; exact comparison was not fabricated."
"H-011","chain A and (resn ALA or resn GLY)","tests/fixtures/mini-protein.pdb","PASS","BLOCKED","8","","db7a0b7cd9058b0e5113319a7afd4af55512970b434dba6d5f140441ad426c6b","","false","true","BLOCKED_PYMOL","Pinned PyMOL runtime is unavailable in this environment; exact comparison was not fabricated."
"I-001","first all","tests/fixtures/mini-protein.pdb","PASS","BLOCKED","1","","bc9049ecf9d5679a40d8cc49cbe54785c0879b84b743c5f3cb0568df32ea589a","","false","true","BLOCKED_PYMOL","Pinned PyMOL runtime is unavailable in this environment; exact comparison was not fabricated."
"I-002","last all","tests/fixtures/mini-protein.pdb","PASS","BLOCKED","1","","22213cf5f1bfd4a0502c624daa8c7803fc7d891ab2ce2e64beaf33bd9454c457","","false","true","BLOCKED_PYMOL","Pinned PyMOL runtime is unavailable in this environment; exact comparison was not fabricated."
"I-003","first polymer.protein","tests/fixtures/mini-protein.pdb","PASS","BLOCKED","1","","bc9049ecf9d5679a40d8cc49cbe54785c0879b84b743c5f3cb0568df32ea589a","","false","true","BLOCKED_PYMOL","Pinned PyMOL runtime is unavailable in this environment; exact comparison was not fabricated."
"I-004","last polymer.protein","tests/fixtures/mini-protein.pdb","PASS","BLOCKED","1","","c899c122c5bb8efbf54988e7f4226c0007d165f9c03231357f40d9713005f04b","","false","true","BLOCKED_PYMOL","Pinned PyMOL runtime is unavailable in this environment; exact comparison was not fabricated."
"I-005","first none","tests/fixtures/mini-protein.pdb","EMPTY_VALID","BLOCKED","0","","4f53cda18c2baa0c0354bb5f9a3ecbe5ed12ab4d8e11ba873c2f11161202b945","","false","true","BLOCKED_PYMOL","Pinned PyMOL runtime is unavailable in this environment; exact comparison was not fabricated."
"I-006","last none","tests/fixtures/mini-protein.pdb","EMPTY_VALID","BLOCKED","0","","4f53cda18c2baa0c0354bb5f9a3ecbe5ed12ab4d8e11ba873c2f11161202b945","","false","true","BLOCKED_PYMOL","Pinned PyMOL runtime is unavailable in this environment; exact comparison was not fabricated."
"J-001","organic","tests/fixtures/mini-protein.pdb","PASS","BLOCKED","2","","ca1ac9be36fba3e743490eff671bb5ab7e4d99ffa51d365f2b20957c37684cce","","false","true","BLOCKED_PYMOL","Pinned PyMOL runtime is unavailable in this environment; exact comparison was not fabricated."
"J-002","polymer.protein within 4.0 of organic","tests/fixtures/mini-protein.pdb","PASS","BLOCKED","4","","5e87571a702fdb295b46849f8f819cc7dc141f4b9ae602c3385bc511e77d5642","","false","true","BLOCKED_PYMOL","Pinned PyMOL runtime is unavailable in this environment; exact comparison was not fabricated."
"J-003","byres (polymer.protein within 4.0 of organic)","tests/fixtures/mini-protein.pdb","PASS","BLOCKED","8","","db7a0b7cd9058b0e5113319a7afd4af55512970b434dba6d5f140441ad426c6b","","false","true","BLOCKED_PYMOL","Pinned PyMOL runtime is unavailable in this environment; exact comparison was not fabricated."
"J-004","byres (polymer.protein within 2.5 of organic)","tests/fixtures/mini-protein.pdb","PASS","BLOCKED","4","","f04b8299f9955c2a1ab6a24f6e2eecae52fc87091ac850ac882f05f5cc655283","","false","true","BLOCKED_PYMOL","Pinned PyMOL runtime is unavailable in this environment; exact comparison was not fabricated."
"J-005","byres (polymer.protein within 3.0 of organic)","tests/fixtures/mini-protein.pdb","PASS","BLOCKED","4","","f04b8299f9955c2a1ab6a24f6e2eecae52fc87091ac850ac882f05f5cc655283","","false","true","BLOCKED_PYMOL","Pinned PyMOL runtime is unavailable in this environment; exact comparison was not fabricated."
"J-006","byres (polymer.protein within 4.0 of organic)","tests/fixtures/mini-protein.pdb","PASS","BLOCKED","8","","db7a0b7cd9058b0e5113319a7afd4af55512970b434dba6d5f140441ad426c6b","","false","true","BLOCKED_PYMOL","Pinned PyMOL runtime is unavailable in this environment; exact comparison was not fabricated."
"J-007","byres (polymer.protein within 5.0 of organic)","tests/fixtures/mini-protein.pdb","PASS","BLOCKED","8","","db7a0b7cd9058b0e5113319a7afd4af55512970b434dba6d5f140441ad426c6b","","false","true","BLOCKED_PYMOL","Pinned PyMOL runtime is unavailable in this environment; exact comparison was not fabricated."
"J-008","byres (polymer.protein within 8.0 of organic)","tests/fixtures/mini-protein.pdb","PASS","BLOCKED","8","","db7a0b7cd9058b0e5113319a7afd4af55512970b434dba6d5f140441ad426c6b","","false","true","BLOCKED_PYMOL","Pinned PyMOL runtime is unavailable in this environment; exact comparison was not fabricated."
"K-001","bychain (resi 45)","tests/fixtures/mini-protein.pdb","EMPTY_VALID","BLOCKED","0","","4f53cda18c2baa0c0354bb5f9a3ecbe5ed12ab4d8e11ba873c2f11161202b945","","false","true","BLOCKED_PYMOL","Pinned PyMOL runtime is unavailable in this environment; exact comparison was not fabricated."
"K-002","byobject (resi 45)","tests/fixtures/mini-protein.pdb","EMPTY_VALID","BLOCKED","0","","4f53cda18c2baa0c0354bb5f9a3ecbe5ed12ab4d8e11ba873c2f11161202b945","","false","true","BLOCKED_PYMOL","Pinned PyMOL runtime is unavailable in this environment; exact comparison was not fabricated."
"K-003","bymolecule (organic)","tests/fixtures/mini-protein.pdb","PASS","BLOCKED","2","","ca1ac9be36fba3e743490eff671bb5ab7e4d99ffa51d365f2b20957c37684cce","","false","true","BLOCKED_PYMOL","Pinned PyMOL runtime is unavailable in this environment; exact comparison was not fabricated."
"K-004","bycalpha (resi 45)","tests/fixtures/mini-protein.pdb","EMPTY_VALID","BLOCKED","0","","4f53cda18c2baa0c0354bb5f9a3ecbe5ed12ab4d8e11ba873c2f11161202b945","","false","true","BLOCKED_PYMOL","Pinned PyMOL runtime is unavailable in this environment; exact comparison was not fabricated."
"K-005","bysegi (resi 45)","tests/fixtures/mini-protein.pdb","EMPTY_VALID","BLOCKED","0","","4f53cda18c2baa0c0354bb5f9a3ecbe5ed12ab4d8e11ba873c2f11161202b945","","false","true","BLOCKED_PYMOL","Pinned PyMOL runtime is unavailable in this environment; exact comparison was not fabricated."
"K-006","byfragment (organic)","tests/fixtures/mini-protein.pdb","IMPLEMENTED_WITH_LIMITATION","BLOCKED","0","","4f53cda18c2baa0c0354bb5f9a3ecbe5ed12ab4d8e11ba873c2f11161202b945","","false","true","BLOCKED_PYMOL","Pinned PyMOL runtime is unavailable in this environment; exact comparison was not fabricated."
"K-007","byring (organic)","tests/fixtures/ring-ligand.pdb","PASS","BLOCKED","6","","76f66b09e9bbcbd70ba9a51b33041723ad6239a0255dfce294e7f58d1944ee50","","false","true","BLOCKED_PYMOL","Pinned PyMOL runtime is unavailable in this environment; exact comparison was not fabricated."
"K-008","byres (chain A or chain B)","tests/fixtures/mini-protein.pdb","PASS","BLOCKED","12","","99a8d7c32b17ac977b722304d827f56c408975b3352922a9d01184bceb7a5e13","","false","true","BLOCKED_PYMOL","Pinned PyMOL runtime is unavailable in this environment; exact comparison was not fabricated."
"K-009","(byres chain A) or chain B","tests/fixtures/mini-protein.pdb","PASS","BLOCKED","12","","99a8d7c32b17ac977b722304d827f56c408975b3352922a9d01184bceb7a5e13","","false","true","BLOCKED_PYMOL","Pinned PyMOL runtime is unavailable in this environment; exact comparison was not fabricated."
"L-001","chain A and resi 45 and name CA","tests/fixtures/mini-protein.pdb","EMPTY_VALID","BLOCKED","0","","4f53cda18c2baa0c0354bb5f9a3ecbe5ed12ab4d8e11ba873c2f11161202b945","","false","true","BLOCKED_PYMOL","Pinned PyMOL runtime is unavailable in this environment; exact comparison was not fabricated."
"L-002","neighbor (chain A and resi 45 and name CA)","tests/fixtures/mini-protein.pdb","EMPTY_VALID","BLOCKED","0","","4f53cda18c2baa0c0354bb5f9a3ecbe5ed12ab4d8e11ba873c2f11161202b945","","false","true","BLOCKED_PYMOL","Pinned PyMOL runtime is unavailable in this environment; exact comparison was not fabricated."
"L-003","neighbor organic","tests/fixtures/mini-protein.pdb","EMPTY_VALID","BLOCKED","0","","4f53cda18c2baa0c0354bb5f9a3ecbe5ed12ab4d8e11ba873c2f11161202b945","","false","true","BLOCKED_PYMOL","Pinned PyMOL runtime is unavailable in this environment; exact comparison was not fabricated."
"M-001","bound_to (chain A and resi 45 and name CA)","tests/fixtures/mini-protein.pdb","EMPTY_VALID","BLOCKED","0","","4f53cda18c2baa0c0354bb5f9a3ecbe5ed12ab4d8e11ba873c2f11161202b945","","false","true","BLOCKED_PYMOL","Pinned PyMOL runtime is unavailable in this environment; exact comparison was not fabricated."
"M-002","neighbor (chain A and resi 45 and name CA)","tests/fixtures/mini-protein.pdb","EMPTY_VALID","BLOCKED","0","","4f53cda18c2baa0c0354bb5f9a3ecbe5ed12ab4d8e11ba873c2f11161202b945","","false","true","BLOCKED_PYMOL","Pinned PyMOL runtime is unavailable in this environment; exact comparison was not fabricated."
"N-001","(chain A and resi 45 and name CA) extend 1","tests/fixtures/mini-protein.pdb","EMPTY_VALID","BLOCKED","0","","4f53cda18c2baa0c0354bb5f9a3ecbe5ed12ab4d8e11ba873c2f11161202b945","","false","true","BLOCKED_PYMOL","Pinned PyMOL runtime is unavailable in this environment; exact comparison was not fabricated."
"N-002","(chain A and resi 45 and name CA) extend 2","tests/fixtures/mini-protein.pdb","EMPTY_VALID","BLOCKED","0","","4f53cda18c2baa0c0354bb5f9a3ecbe5ed12ab4d8e11ba873c2f11161202b945","","false","true","BLOCKED_PYMOL","Pinned PyMOL runtime is unavailable in this environment; exact comparison was not fabricated."
"N-003","(chain A and resi 45 and name CA) extend 3","tests/fixtures/mini-protein.pdb","EMPTY_VALID","BLOCKED","0","","4f53cda18c2baa0c0354bb5f9a3ecbe5ed12ab4d8e11ba873c2f11161202b945","","false","true","BLOCKED_PYMOL","Pinned PyMOL runtime is unavailable in this environment; exact comparison was not fabricated."
"O-001","polymer.protein within 4.0 of organic","tests/fixtures/mini-protein.pdb","PASS","BLOCKED","4","","5e87571a702fdb295b46849f8f819cc7dc141f4b9ae602c3385bc511e77d5642","","false","true","BLOCKED_PYMOL","Pinned PyMOL runtime is unavailable in this environment; exact comparison was not fabricated."
"O-002","all within 4.0 of organic","tests/fixtures/mini-protein.pdb","PASS","BLOCKED","6","","740a4bac22b6a4381fc9945738ebe84c7ac149b703e20ad96bb0be9d916bfc3c","","false","true","BLOCKED_PYMOL","Pinned PyMOL runtime is unavailable in this environment; exact comparison was not fabricated."
"O-003","solvent within 4.0 of organic","tests/fixtures/mini-protein.pdb","EMPTY_VALID","BLOCKED","0","","4f53cda18c2baa0c0354bb5f9a3ecbe5ed12ab4d8e11ba873c2f11161202b945","","false","true","BLOCKED_PYMOL","Pinned PyMOL runtime is unavailable in this environment; exact comparison was not fabricated."
"O-004","metals within 5.0 of organic","tests/fixtures/mini-protein.pdb","EMPTY_VALID","BLOCKED","0","","4f53cda18c2baa0c0354bb5f9a3ecbe5ed12ab4d8e11ba873c2f11161202b945","","false","true","BLOCKED_PYMOL","Pinned PyMOL runtime is unavailable in this environment; exact comparison was not fabricated."
"O-005","chain A within 4.0 of organic","tests/fixtures/mini-protein.pdb","PASS","BLOCKED","6","","740a4bac22b6a4381fc9945738ebe84c7ac149b703e20ad96bb0be9d916bfc3c","","false","true","BLOCKED_PYMOL","Pinned PyMOL runtime is unavailable in this environment; exact comparison was not fabricated."
"O-006","all within 0 of organic","tests/fixtures/mini-protein.pdb","PASS","BLOCKED","2","","ca1ac9be36fba3e743490eff671bb5ab7e4d99ffa51d365f2b20957c37684cce","","false","true","BLOCKED_PYMOL","Pinned PyMOL runtime is unavailable in this environment; exact comparison was not fabricated."
"O-007","all within 0.1 of organic","tests/fixtures/mini-protein.pdb","PASS","BLOCKED","2","","ca1ac9be36fba3e743490eff671bb5ab7e4d99ffa51d365f2b20957c37684cce","","false","true","BLOCKED_PYMOL","Pinned PyMOL runtime is unavailable in this environment; exact comparison was not fabricated."
"O-008","all within 100 of organic","tests/fixtures/mini-protein.pdb","PASS","BLOCKED","12","","99a8d7c32b17ac977b722304d827f56c408975b3352922a9d01184bceb7a5e13","","false","true","BLOCKED_PYMOL","Pinned PyMOL runtime is unavailable in this environment; exact comparison was not fabricated."
"P-001","organic around 4.0","tests/fixtures/mini-protein.pdb","INVALID_EXPECTED","BLOCKED","0","","4f53cda18c2baa0c0354bb5f9a3ecbe5ed12ab4d8e11ba873c2f11161202b945","","false","true","BLOCKED_PYMOL","Pinned PyMOL runtime is unavailable in this environment; exact comparison was not fabricated."
"P-002","all within 4.0 of organic","tests/fixtures/mini-protein.pdb","PASS","BLOCKED","6","","740a4bac22b6a4381fc9945738ebe84c7ac149b703e20ad96bb0be9d916bfc3c","","false","true","BLOCKED_PYMOL","Pinned PyMOL runtime is unavailable in this environment; exact comparison was not fabricated."
"P-003","resi 45 around 3","tests/fixtures/mini-protein.pdb","INVALID_EXPECTED","BLOCKED","0","","4f53cda18c2baa0c0354bb5f9a3ecbe5ed12ab4d8e11ba873c2f11161202b945","","false","true","BLOCKED_PYMOL","Pinned PyMOL runtime is unavailable in this environment; exact comparison was not fabricated."
"Q-001","all near_to 4.0 of organic","tests/fixtures/mini-protein.pdb","PASS","BLOCKED","4","","5e87571a702fdb295b46849f8f819cc7dc141f4b9ae602c3385bc511e77d5642","","false","true","BLOCKED_PYMOL","Pinned PyMOL runtime is unavailable in this environment; exact comparison was not fabricated."
"Q-002","all within 4.0 of organic","tests/fixtures/mini-protein.pdb","PASS","BLOCKED","6","","740a4bac22b6a4381fc9945738ebe84c7ac149b703e20ad96bb0be9d916bfc3c","","false","true","BLOCKED_PYMOL","Pinned PyMOL runtime is unavailable in this environment; exact comparison was not fabricated."
"R-001","all beyond 4.0 of organic","tests/fixtures/mini-protein.pdb","PASS","BLOCKED","6","","3c22d113aed410c608c47fdbd4205cf66d5900849a5a51e6091707c8b7032b1a","","false","true","BLOCKED_PYMOL","Pinned PyMOL runtime is unavailable in this environment; exact comparison was not fabricated."
"R-002","all beyond 8.0 of organic","tests/fixtures/mini-protein.pdb","EMPTY_VALID","BLOCKED","0","","4f53cda18c2baa0c0354bb5f9a3ecbe5ed12ab4d8e11ba873c2f11161202b945","","false","true","BLOCKED_PYMOL","Pinned PyMOL runtime is unavailable in this environment; exact comparison was not fabricated."
"R-003","all beyond 20.0 of organic","tests/fixtures/mini-protein.pdb","EMPTY_VALID","BLOCKED","0","","4f53cda18c2baa0c0354bb5f9a3ecbe5ed12ab4d8e11ba873c2f11161202b945","","false","true","BLOCKED_PYMOL","Pinned PyMOL runtime is unavailable in this environment; exact comparison was not fabricated."
"S-001","organic expand 2","tests/fixtures/mini-protein.pdb","PASS","BLOCKED","3","","fb03c8b72f5c196206cc4e4491a1d5968670136505b60bb2b5803c5d1b3de0d9","","false","true","BLOCKED_PYMOL","Pinned PyMOL runtime is unavailable in this environment; exact comparison was not fabricated."
"S-002","organic expand 4","tests/fixtures/mini-protein.pdb","PASS","BLOCKED","6","","740a4bac22b6a4381fc9945738ebe84c7ac149b703e20ad96bb0be9d916bfc3c","","false","true","BLOCKED_PYMOL","Pinned PyMOL runtime is unavailable in this environment; exact comparison was not fabricated."
"S-003","organic expand 6","tests/fixtures/mini-protein.pdb","PASS","BLOCKED","11","","b7e6d3a9712dc75e98df0ae9bc86f5354a15237694bff0b3e53ee7b220ce3a74","","false","true","BLOCKED_PYMOL","Pinned PyMOL runtime is unavailable in this environment; exact comparison was not fabricated."
"S-004","organic extend 4","tests/fixtures/mini-protein.pdb","PASS","BLOCKED","2","","ca1ac9be36fba3e743490eff671bb5ab7e4d99ffa51d365f2b20957c37684cce","","false","true","BLOCKED_PYMOL","Pinned PyMOL runtime is unavailable in this environment; exact comparison was not fabricated."
"T-001","organic gap 1.0","tests/fixtures/mini-protein.pdb","PASS","BLOCKED","5","","c9c391e0c9d4a305b872475ea0151cf0ca3108ceaafdf48d6fdb30e35be43041","","false","true","BLOCKED_PYMOL","Pinned PyMOL runtime is unavailable in this environment; exact comparison was not fabricated."
"T-002","organic gap 2.0","tests/fixtures/mini-protein.pdb","PASS","BLOCKED","2","","94c8dce9d271b118cfbbbd271c3f7133281043948d7af5420d17ffaab6a731bb","","false","true","BLOCKED_PYMOL","Pinned PyMOL runtime is unavailable in this environment; exact comparison was not fabricated."
"U-001","b < 100","tests/fixtures/mini-protein.pdb","PASS","BLOCKED","12","","99a8d7c32b17ac977b722304d827f56c408975b3352922a9d01184bceb7a5e13","","false","true","BLOCKED_PYMOL","Pinned PyMOL runtime is unavailable in this environment; exact comparison was not fabricated."
"U-002","b < 50","tests/fixtures/mini-protein.pdb","PASS","BLOCKED","12","","99a8d7c32b17ac977b722304d827f56c408975b3352922a9d01184bceb7a5e13","","false","true","BLOCKED_PYMOL","Pinned PyMOL runtime is unavailable in this environment; exact comparison was not fabricated."
"U-003","b >= 20","tests/fixtures/mini-protein.pdb","PASS","BLOCKED","12","","99a8d7c32b17ac977b722304d827f56c408975b3352922a9d01184bceb7a5e13","","false","true","BLOCKED_PYMOL","Pinned PyMOL runtime is unavailable in this environment; exact comparison was not fabricated."
"U-004","polymer.protein and b > 30","tests/fixtures/mini-protein.pdb","EMPTY_VALID","BLOCKED","0","","4f53cda18c2baa0c0354bb5f9a3ecbe5ed12ab4d8e11ba873c2f11161202b945","","false","true","BLOCKED_PYMOL","Pinned PyMOL runtime is unavailable in this environment; exact comparison was not fabricated."
"U-005","b < -999","tests/fixtures/mini-protein.pdb","EMPTY_VALID","BLOCKED","0","","4f53cda18c2baa0c0354bb5f9a3ecbe5ed12ab4d8e11ba873c2f11161202b945","","false","true","BLOCKED_PYMOL","Pinned PyMOL runtime is unavailable in this environment; exact comparison was not fabricated."
"U-006","b > 99999","tests/fixtures/mini-protein.pdb","EMPTY_VALID","BLOCKED","0","","4f53cda18c2baa0c0354bb5f9a3ecbe5ed12ab4d8e11ba873c2f11161202b945","","false","true","BLOCKED_PYMOL","Pinned PyMOL runtime is unavailable in this environment; exact comparison was not fabricated."
"V-001","q < 1.0","tests/fixtures/mini-protein.pdb","EMPTY_VALID","BLOCKED","0","","4f53cda18c2baa0c0354bb5f9a3ecbe5ed12ab4d8e11ba873c2f11161202b945","","false","true","BLOCKED_PYMOL","Pinned PyMOL runtime is unavailable in this environment; exact comparison was not fabricated."
"V-002","q = 1.0","tests/fixtures/mini-protein.pdb","PASS","BLOCKED","12","","99a8d7c32b17ac977b722304d827f56c408975b3352922a9d01184bceb7a5e13","","false","true","BLOCKED_PYMOL","Pinned PyMOL runtime is unavailable in this environment; exact comparison was not fabricated."
"V-003","q > 0.5","tests/fixtures/mini-protein.pdb","PASS","BLOCKED","12","","99a8d7c32b17ac977b722304d827f56c408975b3352922a9d01184bceb7a5e13","","false","true","BLOCKED_PYMOL","Pinned PyMOL runtime is unavailable in this environment; exact comparison was not fabricated."
"W-001","ss H","tests/fixtures/g1c-secondary-formal.pdb","EMPTY_VALID","BLOCKED","0","","4f53cda18c2baa0c0354bb5f9a3ecbe5ed12ab4d8e11ba873c2f11161202b945","","false","true","BLOCKED_PYMOL","Pinned PyMOL runtime is unavailable in this environment; exact comparison was not fabricated."
"W-002","ss S","tests/fixtures/g1c-secondary-formal.pdb","EMPTY_VALID","BLOCKED","0","","4f53cda18c2baa0c0354bb5f9a3ecbe5ed12ab4d8e11ba873c2f11161202b945","","false","true","BLOCKED_PYMOL","Pinned PyMOL runtime is unavailable in this environment; exact comparison was not fabricated."
"W-003","ss L","tests/fixtures/g1c-secondary-formal.pdb","EMPTY_VALID","BLOCKED","0","","4f53cda18c2baa0c0354bb5f9a3ecbe5ed12ab4d8e11ba873c2f11161202b945","","false","true","BLOCKED_PYMOL","Pinned PyMOL runtime is unavailable in this environment; exact comparison was not fabricated."
"W-004","ss H+S","tests/fixtures/g1c-secondary-formal.pdb","EMPTY_VALID","BLOCKED","0","","4f53cda18c2baa0c0354bb5f9a3ecbe5ed12ab4d8e11ba873c2f11161202b945","","false","true","BLOCKED_PYMOL","Pinned PyMOL runtime is unavailable in this environment; exact comparison was not fabricated."
"W-005","polymer.protein and ss H","tests/fixtures/g1c-secondary-formal.pdb","EMPTY_VALID","BLOCKED","0","","4f53cda18c2baa0c0354bb5f9a3ecbe5ed12ab4d8e11ba873c2f11161202b945","","false","true","BLOCKED_PYMOL","Pinned PyMOL runtime is unavailable in this environment; exact comparison was not fabricated."
"X-001","formal_charge = 1","tests/fixtures/charged.pqr","IMPLEMENTED_WITH_LIMITATION","BLOCKED","0","","4f53cda18c2baa0c0354bb5f9a3ecbe5ed12ab4d8e11ba873c2f11161202b945","","false","true","BLOCKED_PYMOL","Pinned PyMOL runtime is unavailable in this environment; exact comparison was not fabricated."
"X-002","formal_charge = -1","tests/fixtures/charged.pqr","IMPLEMENTED_WITH_LIMITATION","BLOCKED","0","","4f53cda18c2baa0c0354bb5f9a3ecbe5ed12ab4d8e11ba873c2f11161202b945","","false","true","BLOCKED_PYMOL","Pinned PyMOL runtime is unavailable in this environment; exact comparison was not fabricated."
"X-003","partial_charge < 0","tests/fixtures/charged.pqr","PASS","BLOCKED","2","","332b0c0b8484243a7aa8b05f6fc62c4bcb7e62f912e7b5f2a30c03684d490419","","false","true","BLOCKED_PYMOL","Pinned PyMOL runtime is unavailable in this environment; exact comparison was not fabricated."
"X-004","partial_charge > 0","tests/fixtures/charged.pqr","PASS","BLOCKED","1","","9f8d445ba30158b06eb3186cdf0aad520d0c3e81fd1f7a0bb638901a2cb74e20","","false","true","BLOCKED_PYMOL","Pinned PyMOL runtime is unavailable in this environment; exact comparison was not fabricated."
"Y-001","x < 0","tests/fixtures/mini-protein.pdb","EMPTY_VALID","BLOCKED","0","","4f53cda18c2baa0c0354bb5f9a3ecbe5ed12ab4d8e11ba873c2f11161202b945","","false","true","BLOCKED_PYMOL","Pinned PyMOL runtime is unavailable in this environment; exact comparison was not fabricated."
"Y-002","x > 0","tests/fixtures/mini-protein.pdb","PASS","BLOCKED","10","","846eee7bf0e65a7fd3a8491f5def062409e4bd4932f5cb904c787e3813a9a9fc","","false","true","BLOCKED_PYMOL","Pinned PyMOL runtime is unavailable in this environment; exact comparison was not fabricated."
"Y-003","y < 0","tests/fixtures/mini-protein.pdb","PASS","BLOCKED","2","","ca1ac9be36fba3e743490eff671bb5ab7e4d99ffa51d365f2b20957c37684cce","","false","true","BLOCKED_PYMOL","Pinned PyMOL runtime is unavailable in this environment; exact comparison was not fabricated."
"Y-004","z > 0","tests/fixtures/mini-protein.pdb","EMPTY_VALID","BLOCKED","0","","4f53cda18c2baa0c0354bb5f9a3ecbe5ed12ab4d8e11ba873c2f11161202b945","","false","true","BLOCKED_PYMOL","Pinned PyMOL runtime is unavailable in this environment; exact comparison was not fabricated."
"Y-005","polymer.protein and x > 0","tests/fixtures/mini-protein.pdb","PASS","BLOCKED","7","","9ceb339b9905db10bc94297fde0f2ec770431c9334541a1b5f7be6c605f212d5","","false","true","BLOCKED_PYMOL","Pinned PyMOL runtime is unavailable in this environment; exact comparison was not fabricated."
"Z-001","state 1","tests/fixtures/multistate.pdb","PASS","BLOCKED","4","","4f53cda18c2baa0c0354bb5f9a3ecbe5ed12ab4d8e11ba873c2f11161202b945","","false","true","BLOCKED_PYMOL","Pinned PyMOL runtime is unavailable in this environment; exact comparison was not fabricated."
"Z-002","state 2","tests/fixtures/multistate.pdb","EMPTY_VALID","BLOCKED","0","","4f53cda18c2baa0c0354bb5f9a3ecbe5ed12ab4d8e11ba873c2f11161202b945","","false","true","BLOCKED_PYMOL","Pinned PyMOL runtime is unavailable in this environment; exact comparison was not fabricated."
"Z-003","present","tests/fixtures/multistate.pdb","PASS","BLOCKED","4","","4b5c885ad70cacaa6a6c1cbdbd7d0b9f403913b1d88d7018a9d8120ba923dca6","","false","true","BLOCKED_PYMOL","Pinned PyMOL runtime is unavailable in this environment; exact comparison was not fabricated."
"Z-004","present","tests/fixtures/multistate.pdb","PASS","BLOCKED","4","","4b5c885ad70cacaa6a6c1cbdbd7d0b9f403913b1d88d7018a9d8120ba923dca6","","false","true","BLOCKED_PYMOL","Pinned PyMOL runtime is unavailable in this environment; exact comparison was not fabricated."
