pdb_id,title,resolution_A,primary_source_title,primary_source_doi,source_type,organism,expression_host,protein_description,uniprot_ids,mutation_count,deposited_sequence_length,coordinate_residues_observed,coordinate_residues_missing,protein_altloc_residue_count,retinol_instances,other_nonwater_components,source_artifacts,rcsb_entry_url,coordinate_url,primary_source_url
5HBS,Crystal structure of human cellular retinol binding protein 1 in complex with all-trans-retinol at 0.89 angstrom.,0.89,Ligand Binding Induces Conformational Changes in Human Cellular Retinol-binding Protein 1 (CRBP1) Revealed by Atomic Resolution Crystal Structures.,10.1074/jbc.M116.714535,genetically engineered,Homo sapiens,Escherichia coli,Retinol-binding protein 1,P09455,0,140,139,140,14,RTL:B:A:21 atoms;occ=1.00,,cif/5HBS.cif; metadata/5HBS_entry.json; metadata/5HBS_polymer_entity.json,https://www.rcsb.org/structure/5HBS,https://files.rcsb.org/download/5HBS.cif,https://doi.org/10.1074/jbc.M116.714535
1KT6,Crystal structure of bovine holo-RBP at pH 9.0,1.1,High-resolution Structures of Retinol-binding Protein in  Complex with Retinol: pH-induced Protein Structural  Changes in the Crystal State,10.1016/S0022-2836(03)00468-6,natural,Bos taurus,,plasma retinol-binding protein,P18902,0,183,175,176;177;178;179;180;181;182;183,0,RTL:B:A:21 atoms;occ=1.00,,cif/1KT6.cif; metadata/1KT6_entry.json; metadata/1KT6_polymer_entity.json,https://www.rcsb.org/structure/1KT6,https://files.rcsb.org/download/1KT6.cif,https://doi.org/10.1016/S0022-2836(03)00468-6
4QYN,The Crystal Structures of holo-wt human Cellular Retinol Binding protein II (hCRBPII) bound to Retinol,1.19,Structures of holo wild-type human cellular retinol-binding protein II (hCRBPII) bound to retinol and retinal.,10.1107/S1399004714023839,genetically engineered,Homo sapiens,Escherichia coli,Retinol-binding protein 2,P50120,0,133,133,,8,RTL:C:A:20 atoms;occ=1.00 | RTL:D:B:21 atoms;occ=1.00,ACT:E:4 atoms,cif/4QYN.cif; metadata/4QYN_entry.json; metadata/4QYN_polymer_entity.json,https://www.rcsb.org/structure/4QYN,https://files.rcsb.org/download/4QYN.cif,https://doi.org/10.1107/S1399004714023839
2RCT,Crystal structure of human holo cellular retinol-binding protein II (CRBP-II),1.2,Crystal structure of human cellular retinol-binding protein II to 1.2 A resolution.,10.1002/prot.21848,genetically engineered,Homo sapiens,Escherichia coli,"Retinol-binding protein II, cellular",P50120,0,141,141,,0,"RTL:D:A:21 atoms;occ=0.30,0.70,1.00",SO4:B:5 atoms | SO4:C:5 atoms | TLA:E:10 atoms,cif/2RCT.cif; metadata/2RCT_entry.json; metadata/2RCT_polymer_entity.json,https://www.rcsb.org/structure/2RCT,https://files.rcsb.org/download/2RCT.cif,https://doi.org/10.1002/prot.21848
5H8T,Crystal structure of human cellular retinol binding protein 1 in complex with all-trans-retinol,1.21,Ligand Binding Induces Conformational Changes in Human Cellular Retinol-binding Protein 1 (CRBP1) Revealed by Atomic Resolution Crystal Structures.,10.1074/jbc.M116.714535,genetically engineered,Homo sapiens,Escherichia coli,Retinol-binding protein 1,P09455,0,140,139,1,8,RTL:B:A:21 atoms;occ=1.00,,cif/5H8T.cif; metadata/5H8T_entry.json; metadata/5H8T_polymer_entity.json,https://www.rcsb.org/structure/5H8T,https://files.rcsb.org/download/5H8T.cif,https://doi.org/10.1074/jbc.M116.714535
5LJB,Crystal structure of holo human CRBP1,1.263,Structural and molecular determinants affecting the interaction of retinol with human CRBP1.,10.1016/j.jsb.2016.12.012,genetically engineered,Homo sapiens,Escherichia coli 'BL21-Gold(DE3)pLysS AG',Retinol-binding protein 1,P09455,0,135,134,1,3,RTL:B:A:21 atoms;occ=1.00,,cif/5LJB.cif; metadata/5LJB_entry.json; metadata/5LJB_polymer_entity.json,https://www.rcsb.org/structure/5LJB,https://files.rcsb.org/download/5LJB.cif,https://doi.org/10.1016/j.jsb.2016.12.012
1KT7,Crystal structure of bovine holo-RBP at pH 7.0,1.274,High-resolution Structures of Retinol-binding Protein in  Complex with Retinol: pH-induced Protein Structural  Changes in the Crystal State,10.1016/S0022-2836(03)00468-6,natural,Bos taurus,,Plasma retinol-binding protein,P18902,0,183,175,176;177;178;179;180;181;182;183,0,RTL:B:A:21 atoms;occ=1.00,,cif/1KT7.cif; metadata/1KT7_entry.json; metadata/1KT7_polymer_entity.json,https://www.rcsb.org/structure/1KT7,https://files.rcsb.org/download/1KT7.cif,https://doi.org/10.1016/S0022-2836(03)00468-6
1KQW,Crystal structure of holo-CRBP from zebrafish,1.38,Identification and structural analysis of a zebrafish apo and holo cellular retinol-binding protein.,10.1016/S0022-2836(02)00628-9,genetically engineered,Danio rerio,Escherichia coli,Cellular retinol-binding protein,Q8UVG6,0,134,134,,0,"RTL:B:A:21 atoms;occ=0.06,0.24,0.38,0.52,1.00",,cif/1KQW.cif; metadata/1KQW_entry.json; metadata/1KQW_polymer_entity.json,https://www.rcsb.org/structure/1KQW,https://files.rcsb.org/download/1KQW.cif,https://doi.org/10.1016/S0022-2836(02)00628-9
1KT3,Crystal structure of bovine holo-RBP at pH 2.0,1.4,High-resolution Structures of     Retinol-binding Protein in  Complex with Retinol: pH-induced Protein Structural  Changes in the Crystal State,10.1016/S0022-2836(03)00468-6,natural,Bos taurus,,Plasma retinol-binding protein,P18902,0,183,175,176;177;178;179;180;181;182;183,0,RTL:B:A:21 atoms;occ=1.00,,cif/1KT3.cif; metadata/1KT3_entry.json; metadata/1KT3_polymer_entity.json,https://www.rcsb.org/structure/1KT3,https://files.rcsb.org/download/1KT3.cif,https://doi.org/10.1016/S0022-2836(03)00468-6
5LJE,"Crystal structure of holo human CRBP1/K40L,Q108L mutant",1.4,Structural and molecular determinants affecting the interaction of retinol with human CRBP1.,10.1016/j.jsb.2016.12.012,genetically engineered,Homo sapiens,Escherichia coli BL21(DE3),Retinol-binding protein 1,P09455,2,135,134,1,0,RTL:B:A:21 atoms;occ=1.00,NA:C:1 atoms,cif/5LJE.cif; metadata/5LJE_entry.json; metadata/5LJE_polymer_entity.json,https://www.rcsb.org/structure/5LJE,https://files.rcsb.org/download/5LJE.cif,https://doi.org/10.1016/j.jsb.2016.12.012
5LJC,Crystal structure of holo human CRBP1,1.433,Structural and molecular determinants affecting the interaction of retinol with human CRBP1.,10.1016/j.jsb.2016.12.012,genetically engineered,Homo sapiens,Escherichia coli BL21(DE3),Retinol-binding protein 1,P09455,1,135,134,1,2,"RTL:B:A:21 atoms;occ=0.47,0.53",NA:C:1 atoms,cif/5LJC.cif; metadata/5LJC_entry.json; metadata/5LJC_polymer_entity.json,https://www.rcsb.org/structure/5LJC,https://files.rcsb.org/download/5LJC.cif,https://doi.org/10.1016/j.jsb.2016.12.012
1KT5,Crystal structure of bovine holo-RBP at pH 4.0,1.46,High-resolution Structures of Retinol-binding Protein in  Complex with Retinol: pH-induced Protein Structural  Changes in the Crystal State,10.1016/S0022-2836(03)00468-6,natural,Bos taurus,,Plasma retinol-binding protein,P18902,0,175,175,,0,RTL:B:A:21 atoms;occ=1.00,,cif/1KT5.cif; metadata/1KT5_entry.json; metadata/1KT5_polymer_entity.json,https://www.rcsb.org/structure/1KT5,https://files.rcsb.org/download/1KT5.cif,https://doi.org/10.1016/S0022-2836(03)00468-6
1KT4,Crystal structure of bovine holo-RBP at pH 3.0,1.461,High-resolution Structures of Retinol-binding Protein in  Complex with Retinol: pH-induced Protein Structural  Changes in the Crystal State,10.1016/S0022-2836(03)00468-6,natural,Bos taurus,,plasma retinol-binding protein,P18902,0,183,175,176;177;178;179;180;181;182;183,0,RTL:B:A:21 atoms;occ=1.00,,cif/1KT4.cif; metadata/1KT4_entry.json; metadata/1KT4_polymer_entity.json,https://www.rcsb.org/structure/1KT4,https://files.rcsb.org/download/1KT4.cif,https://doi.org/10.1016/S0022-2836(03)00468-6
4QZU,Crystal Structure of wild type Human Cellular Retinol Binding Protein II (hCRBPII) bound to retinol at 11 KeV beam energy,1.5,Structures of holo wild-type human cellular retinol-binding protein II (hCRBPII) bound to retinol and retinal.,10.1107/S1399004714023839,genetically engineered,Homo sapiens,Escherichia coli,Retinol-binding protein 2,P50120,0,133,133,,2,"RTL:E:A:21 atoms;occ=0.20,0.25,0.55,1.00 | RTL:H:C:21 atoms;occ=1.00 | RTL:J:B:21 atoms;occ=1.00",ACT:F:4 atoms | ACT:I:4 atoms | ACT:K:4 atoms | ACT:L:4 atoms | ACT:M:4 atoms | ACT:N:4 atoms | GOL:G:6 atoms,cif/4QZU.cif; metadata/4QZU_entry.json; metadata/4QZU_polymer_entity.json,https://www.rcsb.org/structure/4QZU,https://files.rcsb.org/download/4QZU.cif,https://doi.org/10.1107/S1399004714023839
5NU7,Structure of human holo plasma RBP4,1.5,Human plasma retinol-binding protein (RBP4) is also a fatty acid-binding protein.,10.1016/j.bbalip.2018.01.010,natural,Homo sapiens,,Retinol-binding protein 4,P02753,0,182,175,176;177;178;179;180;181;182,0,RTL:B:A:21 atoms;occ=1.00,CL:C:1 atoms,cif/5NU7.cif; metadata/5NU7_entry.json; metadata/5NU7_polymer_entity.json,https://www.rcsb.org/structure/5NU7,https://files.rcsb.org/download/5NU7.cif,https://doi.org/10.1016/j.bbalip.2018.01.010
5LJD,Crystal structure of holo human CRBP1/K40L mutant,1.61,Structural and molecular determinants affecting the interaction of retinol with human CRBP1.,10.1016/j.jsb.2016.12.012,genetically engineered,Homo sapiens,Escherichia coli BL21(DE3),Retinol-binding protein 1,P09455,1,135,134,1,2,RTL:B:A:21 atoms;occ=1.00,NA:C:1 atoms,cif/5LJD.cif; metadata/5LJD_entry.json; metadata/5LJD_polymer_entity.json,https://www.rcsb.org/structure/5LJD,https://files.rcsb.org/download/5LJD.cif,https://doi.org/10.1016/j.jsb.2016.12.012
1AQB,RETINOL-BINDING PROTEIN (RBP) FROM PIG PLASMA,1.65,Structure of pig plasma retinol-binding protein at 1.65 A resolution.,10.1107/S0907444998002303,natural,Sus scrofa domestica,,RETINOL-BINDING PROTEIN,P27485,0,183,175,176;177;178;179;180;181;182;183,3,RTL:C:A:21 atoms;occ=1.00,CD:B:1 atoms,cif/1AQB.cif; metadata/1AQB_entry.json; metadata/1AQB_polymer_entity.json,https://www.rcsb.org/structure/1AQB,https://files.rcsb.org/download/1AQB.cif,https://doi.org/10.1107/S0907444998002303
1HBP,CRYSTAL STRUCTURE OF LIGANDED AND UNLIGANDED FORMS OF BOVINE PLASMA RETINOL-BINDING PROTEIN,1.9,Crystal structure of liganded and unliganded forms of bovine plasma retinol-binding protein.,,genetically engineered,Bos taurus,,RETINOL BINDING PROTEIN,P18902,0,183,175,176;177;178;179;180;181;182;183,0,RTL:B:A:21 atoms;occ=1.00,,cif/1HBP.cif; metadata/1HBP_entry.json; metadata/1HBP_polymer_entity.json,https://www.rcsb.org/structure/1HBP,https://files.rcsb.org/download/1HBP.cif,
4QZT,Crystal Structure of wild type Human Cellular Retinol Binding Protein II (hCRBPII) bound to retinol at 7 KeV beam energy,1.9,Structures of holo wild-type human cellular retinol-binding protein II (hCRBPII) bound to retinol and retinal.,10.1107/S1399004714023839,genetically engineered,Homo sapiens,Escherichia coli,Retinol-binding protein 2,P50120,0,133,133,,6,"RTL:E:A:21 atoms;occ=0.50,1.00 | RTL:G:C:21 atoms;occ=1.00",ACT:F:4 atoms | ACT:H:4 atoms | ACT:I:4 atoms,cif/4QZT.cif; metadata/4QZT_entry.json; metadata/4QZT_polymer_entity.json,https://www.rcsb.org/structure/4QZT,https://files.rcsb.org/download/4QZT.cif,https://doi.org/10.1107/S1399004714023839
9I7N,Beta-lactoglobulin complex with retinol post lyophilization,1.95,New solid formulations of retinol protected at the molecular level by the whey protein beta-lactoglobulin.,10.1016/j.foodchem.2026.150783,natural,Bos taurus,,Beta-lactoglobulin,P02754,2,178,157,1;2;3;4;5;6;7;8;9;10;11;12;13;14;15;16;17;127;128;129;130;179;180,5,RTL:B:A:21 atoms;occ=0.598,,cif/9I7N.cif; metadata/9I7N_entry.json; metadata/9I7N_polymer_entity.json,https://www.rcsb.org/structure/9I7N,https://files.rcsb.org/download/9I7N.cif,https://doi.org/10.1016/j.foodchem.2026.150783
1FMJ,CRYSTAL STRUCTURE OF MERCURY DERIVATIVE OF RETINOL DEHYDRATASE IN A COMPLEX WITH RETINOL AND PAP,2.0,A helical lid converts a sulfotransferase to a dehydratase.,10.1038/87617,genetically engineered,Spodoptera frugiperda,Escherichia coli,RETINOL DEHYDRATASE,Q26490,0,351,342,1;2;3;4;5;6;7;350;351,0,RTL:H:A:21 atoms;occ=1.00 | RTL:N:B:21 atoms;occ=1.00,A3P:G:27 atoms | A3P:M:27 atoms | CA:F:1 atoms | CA:L:1 atoms | HG:C:1 atoms | HG:D:1 atoms | HG:E:1 atoms | HG:I:1 atoms | HG:J:1 atoms | HG:K:1 atoms,cif/1FMJ.cif; metadata/1FMJ_entry.json; metadata/1FMJ_polymer_entity.json,https://www.rcsb.org/structure/1FMJ,https://files.rcsb.org/download/1FMJ.cif,https://doi.org/10.1038/87617
1RBP,CRYSTALLOGRAPHIC REFINEMENT OF HUMAN SERUM RETINOL BINDING PROTEIN AT 2 ANGSTROMS RESOLUTION,2.0,Crystallographic refinement of human serum retinol binding protein at 2A resolution.,10.1002/prot.340080108,genetically engineered,Homo sapiens,,PLASMA RETINOL-BINDING PROTEIN PRECURSOR,P02753,0,182,175,176;177;178;179;180;181;182,0,RTL:B:A:21 atoms;occ=1.00,,cif/1RBP.cif; metadata/1RBP_entry.json; metadata/1RBP_polymer_entity.json,https://www.rcsb.org/structure/1RBP,https://files.rcsb.org/download/1RBP.cif,https://doi.org/10.1002/prot.340080108
9I7O,Beta-lactoglobulin complex with retinol,2.0,New solid formulations of retinol protected at the molecular level by the whey protein beta-lactoglobulin.,10.1016/j.foodchem.2026.150783,natural,Bos taurus,,Beta-lactoglobulin,P02754,2,178,157,1;2;3;4;5;6;7;8;9;10;11;12;13;14;15;16;17;127;128;129;130;179;180,5,RTL:B:A:21 atoms;occ=0.720,,cif/9I7O.cif; metadata/9I7O_entry.json; metadata/9I7O_polymer_entity.json,https://www.rcsb.org/structure/9I7O,https://files.rcsb.org/download/9I7O.cif,https://doi.org/10.1016/j.foodchem.2026.150783
1CRB,CRYSTALLOGRAPHIC STUDIES ON A FAMILY OF CELLULAR LIPOPHILIC TRANSPORT PROTEINS. REFINEMENT OF P2 MYELIN PROTEIN AND THE STRUCTURE DETERMINATION AND REFINEMENT OF CELLULAR RETINOL-BINDING PROTEIN IN COMPLEX WITH ALL-TRANS-RETINOL,2.1,Crystallographic studies on a family of cellular lipophilic transport proteins. Refinement of P2 myelin protein and the structure determination and refinement of cellular retinol-binding protein in complex with all-trans-retinol.,10.1006/jmbi.1993.1238,genetically engineered,Rattus rattus,,CELLULAR RETINOL BINDING PROTEIN,P02696,0,134,134,,0,RTL:D:A:21 atoms;occ=1.00,CD:B:1 atoms | CD:C:1 atoms,cif/1CRB.cif; metadata/1CRB_entry.json; metadata/1CRB_polymer_entity.json,https://www.rcsb.org/structure/1CRB,https://files.rcsb.org/download/1CRB.cif,https://doi.org/10.1006/jmbi.1993.1238
6PY0,Crystal Structure of mouse Serum Amyloid A3 (SAA3) bound with Retinol,2.204,Molecular basis for retinol binding by serum amyloid A during infection.,10.1073/pnas.1910713116,genetically engineered,Mus musculus,Escherichia coli,Serum amyloid A-3 protein,P04918,0,104,101,1;73;74,0,RTL:D:C:21 atoms;occ=1.00,,cif/6PY0.cif; metadata/6PY0_entry.json; metadata/6PY0_polymer_entity.json,https://www.rcsb.org/structure/6PY0,https://files.rcsb.org/download/6PY0.cif,https://doi.org/10.1073/pnas.1910713116
1GX8,"BOVINE BETA-LACTOGLOBULIN COMPLEXED WITH RETINOL, TRIGONAL LATTICE Z",2.4,The Ligand-Binding Site of Bovine Beta-Lactoglobulin: Evidence for a Function?,10.1016/S0022-2836(02)00017-7,natural,BOS TAURUS,,BETA-LACTOGLOBULIN,P02754,0,162,161,1,4,RTL:B:A:21 atoms;occ=0.73,,cif/1GX8.cif; metadata/1GX8_entry.json; metadata/1GX8_polymer_entity.json,https://www.rcsb.org/structure/1GX8,https://files.rcsb.org/download/1GX8.cif,https://doi.org/10.1016/S0022-2836(02)00017-7
1BRP,CRYSTAL STRUCTURE OF THE TRIGONAL FORM OF HUMAN PLASMA RETINOL-BINDING PROTEIN AT 2.5 ANGSTROMS RESOLUTION,2.5,Crystal structure of the trigonal form of human plasma retinol-binding protein at 2.5 A resolution.,10.1006/jmbi.1993.1173,genetically engineered,Homo sapiens,,RETINOL BINDING PROTEIN,P02753,0,182,175,176;177;178;179;180;181;182,0,RTL:B:A:21 atoms;occ=1.00,,cif/1BRP.cif; metadata/1BRP_entry.json; metadata/1BRP_polymer_entity.json,https://www.rcsb.org/structure/1BRP,https://files.rcsb.org/download/1BRP.cif,https://doi.org/10.1006/jmbi.1993.1173
1IIU,Chicken plasma retinol-binding protein (RBP),2.5,Structure of Chicken plasma retinol-binding protein,10.1016/S0167-4838(01)00268-0,natural,Gallus gallus,,plasma retinol-binding protein,P41263,0,174,174,,0,RTL:C:A:21 atoms;occ=1.00,CD:B:1 atoms,cif/1IIU.cif; metadata/1IIU_entry.json; metadata/1IIU_polymer_entity.json,https://www.rcsb.org/structure/1IIU,https://files.rcsb.org/download/1IIU.cif,https://doi.org/10.1016/S0167-4838(01)00268-0
