logical_id,xs_id,xs_type,term_id,term,physical_ordinal,raw_semantics
0,0,C_H,0,G1,0,STORED
1,0,C_H,1,G2,1,STORED
2,0,C_H,2,REP,2,STORED
3,0,C_H,3,HYD,3,STORED
4,0,C_H,4,HB,,OMITTED_BINARY64_PLUS_ZERO
5,1,C_P,0,G1,4,STORED
6,1,C_P,1,G2,5,STORED
7,1,C_P,2,REP,6,STORED
8,1,C_P,3,HYD,,OMITTED_BINARY64_PLUS_ZERO
9,1,C_P,4,HB,,OMITTED_BINARY64_PLUS_ZERO
10,2,N_P,0,G1,7,STORED
11,2,N_P,1,G2,8,STORED
12,2,N_P,2,REP,9,STORED
13,2,N_P,3,HYD,,OMITTED_BINARY64_PLUS_ZERO
14,2,N_P,4,HB,,OMITTED_BINARY64_PLUS_ZERO
15,3,N_D,0,G1,10,STORED
16,3,N_D,1,G2,11,STORED
17,3,N_D,2,REP,12,STORED
18,3,N_D,3,HYD,,OMITTED_BINARY64_PLUS_ZERO
19,3,N_D,4,HB,13,STORED
20,4,N_A,0,G1,14,STORED
21,4,N_A,1,G2,15,STORED
22,4,N_A,2,REP,16,STORED
23,4,N_A,3,HYD,,OMITTED_BINARY64_PLUS_ZERO
24,4,N_A,4,HB,17,STORED
25,5,N_DA,0,G1,18,STORED
26,5,N_DA,1,G2,19,STORED
27,5,N_DA,2,REP,20,STORED
28,5,N_DA,3,HYD,,OMITTED_BINARY64_PLUS_ZERO
29,5,N_DA,4,HB,21,STORED
30,6,O_P,0,G1,22,STORED
31,6,O_P,1,G2,23,STORED
32,6,O_P,2,REP,24,STORED
33,6,O_P,3,HYD,,OMITTED_BINARY64_PLUS_ZERO
34,6,O_P,4,HB,,OMITTED_BINARY64_PLUS_ZERO
35,7,O_D,0,G1,25,STORED
36,7,O_D,1,G2,26,STORED
37,7,O_D,2,REP,27,STORED
38,7,O_D,3,HYD,,OMITTED_BINARY64_PLUS_ZERO
39,7,O_D,4,HB,28,STORED
40,8,O_A,0,G1,29,STORED
41,8,O_A,1,G2,30,STORED
42,8,O_A,2,REP,31,STORED
43,8,O_A,3,HYD,,OMITTED_BINARY64_PLUS_ZERO
44,8,O_A,4,HB,32,STORED
45,9,O_DA,0,G1,33,STORED
46,9,O_DA,1,G2,34,STORED
47,9,O_DA,2,REP,35,STORED
48,9,O_DA,3,HYD,,OMITTED_BINARY64_PLUS_ZERO
49,9,O_DA,4,HB,36,STORED
50,10,S_P,0,G1,37,STORED
51,10,S_P,1,G2,38,STORED
52,10,S_P,2,REP,39,STORED
53,10,S_P,3,HYD,,OMITTED_BINARY64_PLUS_ZERO
54,10,S_P,4,HB,,OMITTED_BINARY64_PLUS_ZERO
55,11,P_P,0,G1,40,STORED
56,11,P_P,1,G2,41,STORED
57,11,P_P,2,REP,42,STORED
58,11,P_P,3,HYD,,OMITTED_BINARY64_PLUS_ZERO
59,11,P_P,4,HB,,OMITTED_BINARY64_PLUS_ZERO
60,12,F_H,0,G1,43,STORED
61,12,F_H,1,G2,44,STORED
62,12,F_H,2,REP,45,STORED
63,12,F_H,3,HYD,46,STORED
64,12,F_H,4,HB,,OMITTED_BINARY64_PLUS_ZERO
65,13,Cl_H,0,G1,47,STORED
66,13,Cl_H,1,G2,48,STORED
67,13,Cl_H,2,REP,49,STORED
68,13,Cl_H,3,HYD,50,STORED
69,13,Cl_H,4,HB,,OMITTED_BINARY64_PLUS_ZERO
70,14,Br_H,0,G1,51,STORED
71,14,Br_H,1,G2,52,STORED
72,14,Br_H,2,REP,53,STORED
73,14,Br_H,3,HYD,54,STORED
74,14,Br_H,4,HB,,OMITTED_BINARY64_PLUS_ZERO
75,15,I_H,0,G1,55,STORED
76,15,I_H,1,G2,56,STORED
77,15,I_H,2,REP,57,STORED
78,15,I_H,3,HYD,58,STORED
79,15,I_H,4,HB,,OMITTED_BINARY64_PLUS_ZERO
