label_asym_id,auth_asym_id,comp_id,auth_seq_id,label_seq_id,site_group,altloc_state,site_atom_names,min_distance_to_BNZ_A,closest_site_atom,closest_BNZ_atom,model_number
A,A,TYR,88,88,TYR_SIDECHAIN,COMMON,OH,8.1425,OH,C3,1
A,A,ARG,96,96,ARG_SIDECHAIN,COMMON,NE;NH1;NH2,8.5090,NE,C2,1
A,A,ASP,89,89,ASP_SIDECHAIN,COMMON,OD1;OD2,8.9944,OD1,C2,1
A,A,GLU,108,108,GLU_SIDECHAIN,A,OE1;OE2,9.7579,OE2,C4,1
A,A,ARG,95,95,ARG_SIDECHAIN,COMMON,NE;NH1;NH2,9.8225,NE,C1,1
A,A,GLU,108,108,GLU_SIDECHAIN,B,OE1;OE2,10.1042,OE2,C4,1
A,A,ASP,92,92,ASP_SIDECHAIN,COMMON,OD1;OD2,10.2502,OD1,C1,1
A,A,LYS,124,124,LYS_SIDECHAIN,COMMON,NZ,10.2830,NZ,C1,1
A,A,LYS,85,85,LYS_SIDECHAIN,COMMON,NZ,11.3372,NZ,C3,1
A,A,ARG,145,145,ARG_SIDECHAIN,COMMON,NE;NH1;NH2,11.9649,NH2,C5,1
A,A,LYS,83,83,LYS_SIDECHAIN,COMMON,NZ,12.6648,NZ,C3,1
A,A,TYR,161,161,TYR_SIDECHAIN,COMMON,OH,12.8260,OH,C5,1
A,A,ARG,119,119,ARG_SIDECHAIN,COMMON,NE;NH1;NH2,12.8447,NH1,C1,1
A,A,ASP,10,10,ASP_SIDECHAIN,COMMON,OD1;OD2,13.1355,OD2,C5,1
A,A,ARG,76,76,ARG_SIDECHAIN,B,NE;NH1;NH2,13.1619,NE,C3,1
A,A,GLU,11,11,GLU_SIDECHAIN,COMMON,OE1;OE2,13.9792,OE2,C5,1
A,A,ARG,80,80,ARG_SIDECHAIN,COMMON,NE;NH1;NH2,14.2830,NH1,C3,1
A,A,ARG,76,76,ARG_SIDECHAIN,A,NE;NH1;NH2,14.7525,NH2,C3,1
A,A,ASP,72,72,ASP_SIDECHAIN,A,OD1;OD2,14.9637,OD1,C3,1
A,A,ARG,125,125,ARG_SIDECHAIN,COMMON,NE;NH1;NH2,15.3277,NE,C1,1
A,A,ARG,154,154,ARG_SIDECHAIN,COMMON,NE;NH1;NH2,15.4646,NE,C6,1
A,A,ASP,127,127,ASP_SIDECHAIN,COMMON,OD1;OD2,15.9802,OD1,C6,1
A,A,GLU,128,128,GLU_SIDECHAIN,COMMON,OE1;OE2,16.0709,OE2,C1,1
A,A,ASP,72,72,ASP_SIDECHAIN,B,OD1;OD2,16.1263,OD1,C4,1
A,A,ARG,148,148,ARG_SIDECHAIN,COMMON,NE;NH1;NH2,16.4478,NE,C5,1
A,A,ARG,137,137,ARG_SIDECHAIN,COMMON,NE;NH1;NH2,16.7031,NH1,C5,1
A,A,ASP,70,70,ASP_SIDECHAIN,COMMON,OD1;OD2,16.8340,OD1,C4,1
A,A,LYS,35,35,LYS_SIDECHAIN,COMMON,NZ,17.2238,NZ,C4,1
A,A,GLU,22,22,GLU_SIDECHAIN,COMMON,OE1;OE2,17.3027,OE2,C5,1
A,A,LYS,135,135,LYS_SIDECHAIN,COMMON,NZ,17.4905,NZ,C6,1
A,A,TYR,139,139,TYR_SIDECHAIN,COMMON,OH,17.9561,OH,C6,1
A,A,ASP,20,20,ASP_SIDECHAIN,COMMON,OD1;OD2,18.6169,OD2,C5,1
A,A,HIS,31,31,HIS_SIDECHAIN,COMMON,ND1;NE2,19.1250,ND1,C4,1
A,A,ASP,159,159,ASP_SIDECHAIN,COMMON,OD1;OD2,19.6867,OD1,C6,1
A,A,MET,1,1,N_TERMINUS,COMMON,N,19.8776,N,C6,1
A,A,LYS,147,147,LYS_SIDECHAIN,COMMON,NZ,20.0979,NZ,C6,1
A,A,GLU,5,5,GLU_SIDECHAIN,COMMON,OE1;OE2,20.7098,OE1,C5,1
A,A,TYR,24,24,TYR_SIDECHAIN,COMMON,OH,20.7543,OH,C5,1
A,A,TYR,18,18,TYR_SIDECHAIN,COMMON,OH,20.8768,OH,C5,1
A,A,ARG,8,8,ARG_SIDECHAIN,COMMON,NE;NH1;NH2,22.3631,NH1,C5,1
A,A,LEU,164,164,C_TERMINUS,COMMON,O;OXT,22.7072,OXT,C5,1
A,A,GLU,45,45,GLU_SIDECHAIN,COMMON,OE1;OE2,24.1812,OE1,C4,1
A,A,LYS,162,162,LYS_SIDECHAIN,COMMON,NZ,24.3815,NZ,C6,1
A,A,LYS,48,48,LYS_SIDECHAIN,COMMON,NZ,24.7007,NZ,C4,1
A,A,GLU,64,64,GLU_SIDECHAIN,COMMON,OE1;OE2,24.8487,OE1,C4,1
A,A,LYS,65,65,LYS_SIDECHAIN,COMMON,NZ,25.8018,NZ,C4,1
A,A,ARG,14,14,ARG_SIDECHAIN,COMMON,NE;NH1;NH2,26.4509,NH1,C5,1
A,A,LYS,60,60,LYS_SIDECHAIN,COMMON,NZ,27.9538,NZ,C5,1
A,A,LYS,19,19,LYS_SIDECHAIN,COMMON,NZ,29.2173,NZ,C5,1
A,A,ASP,61,61,ASP_SIDECHAIN,COMMON,OD1;OD2,29.4534,OD1,C4,1
A,A,GLU,62,62,GLU_SIDECHAIN,COMMON,OE1;OE2,30.1522,OE1,C4,1
A,A,TYR,25,25,TYR_SIDECHAIN,COMMON,OH,30.2543,OH,C5,1
A,A,ASP,47,47,ASP_SIDECHAIN,COMMON,OD1;OD2,31.6903,OD1,C4,1
A,A,ARG,52,52,ARG_SIDECHAIN,COMMON,NE;NH1;NH2,32.4899,NH2,C4,1
A,A,LYS,16,16,LYS_SIDECHAIN,COMMON,NZ,34.5897,NZ,C5,1
A,A,LYS,43,43,LYS_SIDECHAIN,COMMON,NZ,35.1829,NZ,C4,1
