pdb_id,screen_stage,detailed_screen_included,decision_rationale,rcsb_entry_url,coordinate_url,primary_source_url
5HBS,DETAILED_SCREEN,yes,Detailed screen; human CRBP1 is an engineered E. coli construct with 14 protein alternate-location residues; no source advantage over the selected natural candidate.,https://www.rcsb.org/structure/5HBS,https://files.rcsb.org/download/5HBS.cif,https://doi.org/10.1074/jbc.M116.714535
1KT6,FAST_EXCLUDE,no,Fast exclude; redundant bovine plasma-RBP pH-series entry with eight unresolved deposited positions; the source-complete mature-state comparator 1KT5 was retained for detailed review.,https://www.rcsb.org/structure/1KT6,https://files.rcsb.org/download/1KT6.cif,https://doi.org/10.1016/S0022-2836(03)00468-6
4QYN,FAST_EXCLUDE,no,Fast exclude; engineered human CRBPII model has two retinol-bound chains plus an acetate component; more interpretable paired entry 4QZT was retained for detailed review.,https://www.rcsb.org/structure/4QYN,https://files.rcsb.org/download/4QYN.cif,https://doi.org/10.1107/S1399004714023839
2RCT,FAST_EXCLUDE,no,Fast exclude; engineered human CRBPII has multiple partial/full retinol occupancies and sulfate/TLA components that complicate a single ligand state.,https://www.rcsb.org/structure/2RCT,https://files.rcsb.org/download/2RCT.cif,https://doi.org/10.1002/prot.21848
5H8T,DETAILED_SCREEN,yes,Detailed screen; human CRBP1 is an engineered E. coli construct with 8 protein alternate-location residues; no source advantage over the selected natural candidate.,https://www.rcsb.org/structure/5H8T,https://files.rcsb.org/download/5H8T.cif,https://doi.org/10.1074/jbc.M116.714535
5LJB,DEEP_FINALIST,yes,"Deep finalist; high-resolution human CRBP1, but recombinant construct/source detail is less direct and structured-water/contact context needs exclusion under dry-profile review.",https://www.rcsb.org/structure/5LJB,https://files.rcsb.org/download/5LJB.cif,https://doi.org/10.1016/j.jsb.2016.12.012
1KT7,FAST_EXCLUDE,no,Fast exclude; redundant bovine plasma-RBP pH-series entry with eight unresolved deposited positions; the source-complete mature-state comparator 1KT5 was retained for detailed review.,https://www.rcsb.org/structure/1KT7,https://files.rcsb.org/download/1KT7.cif,https://doi.org/10.1016/S0022-2836(03)00468-6
1KQW,DETAILED_SCREEN,yes,Detailed screen; zebrafish cellular retinol-binding protein is a non-target species/construct and RTL has a refined occupancy series from 0.06 to 1.00.,https://www.rcsb.org/structure/1KQW,https://files.rcsb.org/download/1KQW.cif,https://doi.org/10.1016/S0022-2836(02)00628-9
1KT3,FAST_EXCLUDE,no,Fast exclude; redundant bovine plasma-RBP pH-series entry with eight unresolved deposited positions; the source-complete mature-state comparator 1KT5 was retained for detailed review.,https://www.rcsb.org/structure/1KT3,https://files.rcsb.org/download/1KT3.cif,https://doi.org/10.1016/S0022-2836(03)00468-6
5LJE,FAST_EXCLUDE,no,Fast exclude; engineered human CRBP1 K40L/Q108L mutant alters retinol-contact residues and includes a bound sodium component.,https://www.rcsb.org/structure/5LJE,https://files.rcsb.org/download/5LJE.cif,https://doi.org/10.1016/j.jsb.2016.12.012
5LJC,FAST_EXCLUDE,no,Fast exclude; engineered human CRBP1 K40L mutant has split retinol occupancy (0.47/0.53) and a bound sodium component.,https://www.rcsb.org/structure/5LJC,https://files.rcsb.org/download/5LJC.cif,https://doi.org/10.1016/j.jsb.2016.12.012
1KT5,DEEP_FINALIST,yes,"Deep finalist; source-complete natural bovine plasma RBP, but primary study describes a retinol-associated water/H-bond network incompatible with CORE_DRY_V1.",https://www.rcsb.org/structure/1KT5,https://files.rcsb.org/download/1KT5.cif,https://doi.org/10.1016/S0022-2836(03)00468-6
1KT4,FAST_EXCLUDE,no,Fast exclude; redundant bovine plasma-RBP pH-series entry with eight unresolved deposited positions; the source-complete mature-state comparator 1KT5 was retained for detailed review.,https://www.rcsb.org/structure/1KT4,https://files.rcsb.org/download/1KT4.cif,https://doi.org/10.1016/S0022-2836(03)00468-6
4QZU,FAST_EXCLUDE,no,Fast exclude; engineered human CRBPII contains several RTL instances with mixed occupancies and multiple acetate/glycerol components.,https://www.rcsb.org/structure/4QZU,https://files.rcsb.org/download/4QZU.cif,https://doi.org/10.1107/S1399004714023839
5NU7,FAST_EXCLUDE,no,Fast exclude; natural human plasma RBP4 has seven unresolved C-terminal positions and a bound chloride component; not more source-complete than the retained RBP comparator.,https://www.rcsb.org/structure/5NU7,https://files.rcsb.org/download/5NU7.cif,https://doi.org/10.1016/j.bbalip.2018.01.010
5LJD,FAST_EXCLUDE,no,Fast exclude; engineered human CRBP1 K40L mutant changes a retinol-contact residue and includes a bound sodium component.,https://www.rcsb.org/structure/5LJD,https://files.rcsb.org/download/5LJD.cif,https://doi.org/10.1016/j.jsb.2016.12.012
1AQB,DETAILED_SCREEN,yes,Detailed screen; natural pig plasma RBP has 3 protein alternate-location residues and a bound cadmium component; not the selected target context.,https://www.rcsb.org/structure/1AQB,https://files.rcsb.org/download/1AQB.cif,https://doi.org/10.1107/S0907444998002303
1HBP,DETAILED_SCREEN,yes,Detailed screen; bovine plasma RBP has an eight-residue coordinate gap and an incomplete primary-source citation; more tractable representative 1KT5 was examined in depth.,https://www.rcsb.org/structure/1HBP,https://files.rcsb.org/download/1HBP.cif,
4QZT,DETAILED_SCREEN,yes,"Detailed screen; engineered human CRBPII contains multiple RTL instances with differing occupancies and acetate components, complicating a single explicit receptor/ligand state.",https://www.rcsb.org/structure/4QZT,https://files.rcsb.org/download/4QZT.cif,https://doi.org/10.1107/S1399004714023839
9I7N,DETAILED_SCREEN,yes,"Detailed paired comparator to 9I7O from the same natural beta-lactoglobulin study; lower RTL occupancy (0.598), broader unresolved sequence (including mature N terminus and internal loop), so 9I7O is the stronger deposited state.",https://www.rcsb.org/structure/9I7N,https://files.rcsb.org/download/9I7N.cif,https://doi.org/10.1016/j.foodchem.2026.150783
1FMJ,DETAILED_SCREEN,yes,Detailed screen; retinol is in an enzyme active-site complex that also contains PAP-derived ligand and multiple mercury atoms; not a simple retinol-carrier fixture.,https://www.rcsb.org/structure/1FMJ,https://files.rcsb.org/download/1FMJ.cif,https://doi.org/10.1038/87617
1RBP,DETAILED_SCREEN,yes,Detailed screen; human plasma RBP entry has seven unresolved C-terminal positions and less direct natural-source documentation than the intact candidate contexts.,https://www.rcsb.org/structure/1RBP,https://files.rcsb.org/download/1RBP.cif,https://doi.org/10.1002/prot.340080108
9I7O,DEEP_FINALIST,yes,"Selected source-resolved candidate; natural bovine milk beta-lactoglobulin A/B mixture, author-designated monomer, complete RTL, supported CORE_DRY_V1 atom types. Carry forward the natural mixture, missing mature Leu17/AEPE loop, and PDB pH 7.4 versus paper pH 8.5 discrepancy explicitly.",https://www.rcsb.org/structure/9I7O,https://files.rcsb.org/download/9I7O.cif,https://doi.org/10.1016/j.foodchem.2026.150783
1CRB,DETAILED_SCREEN,yes,Detailed screen; rat cellular retinol-binding protein is a non-target species and the structure contains cadmium components.,https://www.rcsb.org/structure/1CRB,https://files.rcsb.org/download/1CRB.cif,https://doi.org/10.1006/jmbi.1993.1238
6PY0,DEEP_FINALIST,yes,"Deep finalist; retinol is fully occupied, but the deposited construct is recombinant/tag-cleaved mouse SAA3, the trimer is the relevant assembly, and an internal binding-loop segment (73-74) is unresolved.",https://www.rcsb.org/structure/6PY0,https://files.rcsb.org/download/6PY0.cif,https://doi.org/10.1073/pnas.1910713116
1GX8,DEEP_FINALIST,yes,"Deep finalist; natural bovine beta-lactoglobulin, but low-resolution model has major validation concerns, ligand/side-chain alternate states, and a biological dimer mate near the ligand site.",https://www.rcsb.org/structure/1GX8,https://files.rcsb.org/download/1GX8.cif,https://doi.org/10.1016/S0022-2836(02)00017-7
1BRP,FAST_EXCLUDE,no,Fast exclude; older human plasma RBP4 entry with seven unresolved C-terminal positions and 2.5 A resolution; lower source/coordinate completeness than later entries.,https://www.rcsb.org/structure/1BRP,https://files.rcsb.org/download/1BRP.cif,https://doi.org/10.1006/jmbi.1993.1173
1IIU,FAST_EXCLUDE,no,Fast exclude; natural chicken plasma RBP is a different species and has a bound cadmium component.,https://www.rcsb.org/structure/1IIU,https://files.rcsb.org/download/1IIU.cif,https://doi.org/10.1016/S0167-4838(01)00268-0
