pdb_id,ligand_component,ligand_label_asym,observed_expected_CCD_heavy_atoms,expected_CCD_heavy_atoms,missing_heavy_atom_names,occupancy_values,ligand_altloc_ids,single_coordinate_state,CCD_identity,formal_charge_and_state,kinematics_readiness,local_validation_summary
5LJB,RTL,B,21,21,,1.0,,yes,RTL / all-trans-retinol / C20H30O,"neutral deposited all-trans-retinol graph; protonation/tautomer not expected to branch, but explicit hydrogen/bond-order policy is deferred to DEC-04",conjugated polyene chain with defined deposited all-trans stereochemistry; explicit torsion-tree contract required in preparation decision,"See retained current RCSB full validation report where available; source audit confirms atom count, occupancy, and altloc state."
1KT5,RTL,B,21,21,,1.0,,yes,RTL / all-trans-retinol / C20H30O,"neutral deposited all-trans-retinol graph; protonation/tautomer not expected to branch, but explicit hydrogen/bond-order policy is deferred to DEC-04",conjugated polyene chain with defined deposited all-trans stereochemistry; explicit torsion-tree contract required in preparation decision,"See retained current RCSB full validation report where available; source audit confirms atom count, occupancy, and altloc state."
1GX8,RTL,B,21,21,,0.73,,yes,RTL / all-trans-retinol / C20H30O,"neutral deposited all-trans-retinol graph; protonation/tautomer not expected to branch, but explicit hydrogen/bond-order policy is deferred to DEC-04",conjugated polyene chain with defined deposited all-trans stereochemistry; explicit torsion-tree contract required in preparation decision,"See retained current RCSB full validation report where available; source audit confirms atom count, occupancy, and altloc state."
6PY0,RTL,D,21,21,,1.0,,yes,RTL / all-trans-retinol / C20H30O,"neutral deposited all-trans-retinol graph; protonation/tautomer not expected to branch, but explicit hydrogen/bond-order policy is deferred to DEC-04",conjugated polyene chain with defined deposited all-trans stereochemistry; explicit torsion-tree contract required in preparation decision,"See retained current RCSB full validation report where available; source audit confirms atom count, occupancy, and altloc state."
5HBS,RTL,B,21,21,,1.0,,yes,RTL / all-trans-retinol / C20H30O,"neutral deposited all-trans-retinol graph; protonation/tautomer not expected to branch, but explicit hydrogen/bond-order policy is deferred to DEC-04",conjugated polyene chain with defined deposited all-trans stereochemistry; explicit torsion-tree contract required in preparation decision,"See retained current RCSB full validation report where available; source audit confirms atom count, occupancy, and altloc state."
5H8T,RTL,B,21,21,,1.0,,yes,RTL / all-trans-retinol / C20H30O,"neutral deposited all-trans-retinol graph; protonation/tautomer not expected to branch, but explicit hydrogen/bond-order policy is deferred to DEC-04",conjugated polyene chain with defined deposited all-trans stereochemistry; explicit torsion-tree contract required in preparation decision,"See retained current RCSB full validation report where available; source audit confirms atom count, occupancy, and altloc state."
1KQW,RTL,B,21,21,,0.06;0.24;0.38;0.52;1.0,A;B,no,RTL / all-trans-retinol / C20H30O,"neutral deposited all-trans-retinol graph; protonation/tautomer not expected to branch, but explicit hydrogen/bond-order policy is deferred to DEC-04",conjugated polyene chain with defined deposited all-trans stereochemistry; explicit torsion-tree contract required in preparation decision,"See retained current RCSB full validation report where available; source audit confirms atom count, occupancy, and altloc state."
1AQB,RTL,C,21,21,,1.0,,yes,RTL / all-trans-retinol / C20H30O,"neutral deposited all-trans-retinol graph; protonation/tautomer not expected to branch, but explicit hydrogen/bond-order policy is deferred to DEC-04",conjugated polyene chain with defined deposited all-trans stereochemistry; explicit torsion-tree contract required in preparation decision,"See retained current RCSB full validation report where available; source audit confirms atom count, occupancy, and altloc state."
1HBP,RTL,B,21,21,,1.0,,yes,RTL / all-trans-retinol / C20H30O,"neutral deposited all-trans-retinol graph; protonation/tautomer not expected to branch, but explicit hydrogen/bond-order policy is deferred to DEC-04",conjugated polyene chain with defined deposited all-trans stereochemistry; explicit torsion-tree contract required in preparation decision,"See retained current RCSB full validation report where available; source audit confirms atom count, occupancy, and altloc state."
4QZT,RTL,E,21,21,,0.5;1.0,A;B,no,RTL / all-trans-retinol / C20H30O,"neutral deposited all-trans-retinol graph; protonation/tautomer not expected to branch, but explicit hydrogen/bond-order policy is deferred to DEC-04",conjugated polyene chain with defined deposited all-trans stereochemistry; explicit torsion-tree contract required in preparation decision,"See retained current RCSB full validation report where available; source audit confirms atom count, occupancy, and altloc state."
9I7N,RTL,B,21,21,,0.598,,yes,RTL / all-trans-retinol / C20H30O,"neutral deposited all-trans-retinol graph; protonation/tautomer not expected to branch, but explicit hydrogen/bond-order policy is deferred to DEC-04",conjugated polyene chain with defined deposited all-trans stereochemistry; explicit torsion-tree contract required in preparation decision,"See retained current RCSB full validation report where available; source audit confirms atom count, occupancy, and altloc state."
1FMJ,RTL,H,21,21,,1.0,,yes,RTL / all-trans-retinol / C20H30O,"neutral deposited all-trans-retinol graph; protonation/tautomer not expected to branch, but explicit hydrogen/bond-order policy is deferred to DEC-04",conjugated polyene chain with defined deposited all-trans stereochemistry; explicit torsion-tree contract required in preparation decision,"See retained current RCSB full validation report where available; source audit confirms atom count, occupancy, and altloc state."
1RBP,RTL,B,21,21,,1.0,,yes,RTL / all-trans-retinol / C20H30O,"neutral deposited all-trans-retinol graph; protonation/tautomer not expected to branch, but explicit hydrogen/bond-order policy is deferred to DEC-04",conjugated polyene chain with defined deposited all-trans stereochemistry; explicit torsion-tree contract required in preparation decision,"See retained current RCSB full validation report where available; source audit confirms atom count, occupancy, and altloc state."
1CRB,RTL,D,21,21,,1.0,,yes,RTL / all-trans-retinol / C20H30O,"neutral deposited all-trans-retinol graph; protonation/tautomer not expected to branch, but explicit hydrogen/bond-order policy is deferred to DEC-04",conjugated polyene chain with defined deposited all-trans stereochemistry; explicit torsion-tree contract required in preparation decision,"1CRB: RSCC 0.86, RSR 0.08; validation reports 5 bond-length and 2 angle outliers"
1L83,BNZ,F,6,6,,1.0,,yes,BNZ / benzene / C6H6,"neutral, one connectivity graph, one aromatic ring, no stereocenters; no protomer/tautomer ambiguity",rigid six-member aromatic ring; zero search rotors; derive scorer N_tors_vina separately,"See retained current RCSB full validation report where available; source audit confirms atom count, occupancy, and altloc state."
1L84,BNZ,F,6,6,,1.0,,yes,BNZ / benzene / C6H6,"neutral, one connectivity graph, one aromatic ring, no stereocenters; no protomer/tautomer ambiguity",rigid six-member aromatic ring; zero search rotors; derive scorer N_tors_vina separately,"See retained current RCSB full validation report where available; source audit confirms atom count, occupancy, and altloc state."
220L,BNZ,F,6,6,,1.0,,yes,BNZ / benzene / C6H6,"neutral, one connectivity graph, one aromatic ring, no stereocenters; no protomer/tautomer ambiguity",rigid six-member aromatic ring; zero search rotors; derive scorer N_tors_vina separately,"See retained current RCSB full validation report where available; source audit confirms atom count, occupancy, and altloc state."
223L,BNZ,F,6,6,,1.0,,yes,BNZ / benzene / C6H6,"neutral, one connectivity graph, one aromatic ring, no stereocenters; no protomer/tautomer ambiguity",rigid six-member aromatic ring; zero search rotors; derive scorer N_tors_vina separately,"See retained current RCSB full validation report where available; source audit confirms atom count, occupancy, and altloc state."
227L,BNZ,F,6,6,,1.0,,yes,BNZ / benzene / C6H6,"neutral, one connectivity graph, one aromatic ring, no stereocenters; no protomer/tautomer ambiguity",rigid six-member aromatic ring; zero search rotors; derive scorer N_tors_vina separately,"See retained current RCSB full validation report where available; source audit confirms atom count, occupancy, and altloc state."
3DMX,BNZ,G,6,6,,1.0,,yes,BNZ / benzene / C6H6,"neutral, one connectivity graph, one aromatic ring, no stereocenters; no protomer/tautomer ambiguity",rigid six-member aromatic ring; zero search rotors; derive scorer N_tors_vina separately,"3DMX: RSCC 0.97, RSR 0.05, Q<0.9=0; no ligand geometry/clash outliers"
3GUJ,BNZ,B,6,6,,1.0,,yes,BNZ / benzene / C6H6,"neutral, one connectivity graph, one aromatic ring, no stereocenters; no protomer/tautomer ambiguity",rigid six-member aromatic ring; zero search rotors; derive scorer N_tors_vina separately,"See retained current RCSB full validation report where available; source audit confirms atom count, occupancy, and altloc state."
3HH4,BNZ,E,6,6,,1.0,,yes,BNZ / benzene / C6H6,"neutral, one connectivity graph, one aromatic ring, no stereocenters; no protomer/tautomer ambiguity",rigid six-member aromatic ring; zero search rotors; derive scorer N_tors_vina separately,"See retained current RCSB full validation report where available; source audit confirms atom count, occupancy, and altloc state."
4I7J,BNZ,D,6,6,,1.0,,yes,BNZ / benzene / C6H6,"neutral, one connectivity graph, one aromatic ring, no stereocenters; no protomer/tautomer ambiguity",rigid six-member aromatic ring; zero search rotors; derive scorer N_tors_vina separately,"See retained current RCSB full validation report where available; source audit confirms atom count, occupancy, and altloc state."
