pdb_id,candidate_set,audit_depth,receptor_chain_entity,ligand,receptor_missing_heavy_atom_sites,incomplete_residues,missing_sequence_positions,N_endpoint_and_N_atom,C_endpoint_and_OXT,ligand_heavy_atoms_observed_expected,ligand_occupancies,altlocs_within_8A,waters_le_5A_and_le_8A,nearest_water_A,nonwater_components_within_8A,metals_within_8A,preparation_feasibility_answer,classification,decision_basis
5LJB,existing_28_cohort,detailed_or_external_screen,A/1,RTL/B,0,0,1,no/no,yes/yes,21/21,1.0,50:MET@7.4711A,6/17,3.3301,,,NO,REJECTED_FOR_CURRENT_CORE_DRY_V1_PREPARATION_PATH,Reject: N-terminal entity position 1 is unobserved (false terminal state); six waters within 5 A including direct ligand-water contacts and a water-linked polar pocket; engineered construct/source gives no advantage.
1KT5,existing_28_cohort,detailed_or_external_screen,A/1,RTL/B,1,1,,yes/yes,yes/no,21/21,1.0,,4/12,2.5769,,,NO,REJECTED_FOR_CURRENT_CORE_DRY_V1_PREPARATION_PATH,"Reject: true C-terminal OXT is absent; source study describes the retinol-associated water/H-bond context (4 waters <=5 A, 12 <=8 A)."
1GX8,existing_28_cohort,detailed_or_external_screen,A/1,RTL/B,0,0,1,no/no,yes/yes,21/21,0.73,104:LEU@7.7885A;105:PHE@1.4797A;106:CYS@4.6174A;107:MET@2.9342A,1/7,4.2500,,,NO,REJECTED_FOR_CURRENT_CORE_DRY_V1_PREPARATION_PATH,Reject: entity N-terminal residue is absent; multiple pocket alternate states include PHE105 within 1.48 A; low-resolution/refinement and assembly context remain problematic.
6PY0,existing_28_cohort,detailed_or_external_screen,A/1,RTL/D,6,1,1;73;74,no/no,yes/yes,21/21,1.0,,1/4,4.0097,,,NO,REJECTED_FOR_CURRENT_CORE_DRY_V1_PREPARATION_PATH,"Reject: sequence positions 1, 73, and 74 are unobserved; His71 lacks six heavy atoms; internal binding-loop state unresolved and relevant assembly is trimeric."
5HBS,existing_28_cohort,detailed_or_external_screen,A/1,RTL/B,4,1,140,yes/yes,no/no,21/21,1.0,10:MET@7.8720A;37:LYS@7.8499A;38:PRO@3.8326A;49:MET@7.5802A;93:LEU@6.8339A;115:LEU@5.7463A,6/20,3.3322,,,NO,REJECTED_FOR_CURRENT_CORE_DRY_V1_PREPARATION_PATH,Reject: C-terminal residue 140 is absent; many nearby waters and receptor alternate states; engineered construct.
5H8T,existing_28_cohort,detailed_or_external_screen,A/1,RTL/B,4,1,1,no/no,yes/yes,21/21,1.0,49:MET@7.7373A;119:MET@3.6697A,6/22,3.4386,,,NO,REJECTED_FOR_CURRENT_CORE_DRY_V1_PREPARATION_PATH,Reject: N-terminal residue 1 is absent; partial Lys68 and nearby alternate/water states; engineered construct.
1KQW,existing_28_cohort,detailed_or_external_screen,A/1,RTL/B,1,1,,yes/yes,yes/no,21/21,0.06;0.24;0.38;0.52;1.0,,5/13,3.4832,,,NO,REJECTED_FOR_CURRENT_CORE_DRY_V1_PREPARATION_PATH,Reject: true C-terminal OXT absent; ligand is distributed over multiple refined occupancy conformers; water-rich local site.
1AQB,existing_28_cohort,detailed_or_external_screen,A/1,RTL/C,0,0,176;177;178;179;180;181;182;183,yes/yes,no/no,21/21,1.0,,3/10,2.5302,,,NO,REJECTED_FOR_CURRENT_CORE_DRY_V1_PREPARATION_PATH,Reject: C-terminal sequence is incomplete and source has three receptor alternate states; remote Cd still requires explicit component disposition; not a clean first fixture.
1HBP,existing_28_cohort,detailed_or_external_screen,A/1,RTL/B,7,1,176;177;178;179;180;181;182;183,yes/yes,no/no,21/21,1.0,,4/5,3.4246,,,NO,REJECTED_FOR_CURRENT_CORE_DRY_V1_PREPARATION_PATH,Reject: eight-residue sequence/coordinate gap; full ligand/water site remains water-rich; primary source record is incomplete.
4QZT,existing_28_cohort,detailed_or_external_screen,A/1,RTL/E,1,1,,yes/yes,yes/no,21/21,0.5;1.0,,2/9,3.6683,ACT:3.3928A,,NO,REJECTED_FOR_CURRENT_CORE_DRY_V1_PREPARATION_PATH,"Reject: true C-terminal OXT missing, ligand instances/occupancies and pocket alternates are not a single frozen state, and acetate is 3.3928 A from ligand."
9I7N,existing_28_cohort,detailed_or_external_screen,A/1,RTL/B,21,7,1;2;3;4;5;6;7;8;9;10;11;12;13;14;15;16;17;127;128;129;130,no/no,yes/yes,21/21,0.598,121:PHE@1.4928A;134:ALA@3.4523A;134:VAL@3.7115A,1/1,4.1352,,,NO,REJECTED_FOR_CURRENT_CORE_DRY_V1_PREPARATION_PATH,"Reject: 21 receptor heavy-atom omissions, seven missing sequence positions including mature N-terminal/internal loop, and RTL occupancy 0.598; 9I7O is closed and was not reopened."
1FMJ,existing_28_cohort,detailed_or_external_screen,A/1,RTL/H,30,8,1;2;3;4;5;6;7;350;351,no/no,no/no,21/21,1.0,,2/14,2.9221,A3P:4.8031A,,NO,REJECTED_FOR_CURRENT_CORE_DRY_V1_PREPARATION_PATH,Reject: terminal/gap incompleteness and a second active-site component A3P is 4.8031 A from RTL; enzyme co-complex includes unsupported Hg chemistry.
1RBP,existing_28_cohort,detailed_or_external_screen,A/1,RTL/B,7,1,176;177;178;179;180;181;182,yes/yes,no/no,21/21,1.0,,3/6,2.7262,,,NO,REJECTED_FOR_CURRENT_CORE_DRY_V1_PREPARATION_PATH,Reject: seven unresolved C-terminal sequence positions and incomplete terminal state; less direct construct/source record.
1CRB,existing_28_cohort,deep_finalist,A/1,RTL/D,0,0,,yes/yes,yes/yes,21/21,1.0,,6/10,3.6239,,,UNKNOWN,HOLD_REQUIRES_COMPONENT_SOURCE_RESOLUTION,"Hold: receptor/RTL are atom-complete with true termini and no pocket altloc, but two Cd ions coordinate receptor residues and require an unresolved unsupported-metal/component omission decision; ligand validation also has 5 bond and 2 angle outliers (RSCC 0.86)."
1L83,external_fixed_batch_9,detailed_or_external_screen,A/1,BNZ/F,0,0,163;164,yes/yes,no/no,6/6,1.0,,0/0,8.0638,,,NO,REJECTED_FOR_CURRENT_CORE_DRY_V1_PREPARATION_PATH,Reject at fixed-batch screen: true C-terminal positions 163-164 absent.
1L84,external_fixed_batch_9,detailed_or_external_screen,A/1,BNZ/F,0,0,163;164,yes/yes,no/no,6/6,1.0,,0/1,7.8475,,,NO,REJECTED_FOR_CURRENT_CORE_DRY_V1_PREPARATION_PATH,Reject at fixed-batch screen: true C-terminal positions 163-164 absent.
220L,external_fixed_batch_9,detailed_or_external_screen,A/1,BNZ/F,0,0,163;164,yes/yes,no/no,6/6,1.0,,0/2,6.0851,,,NO,REJECTED_FOR_CURRENT_CORE_DRY_V1_PREPARATION_PATH,Reject at fixed-batch screen: true C-terminal positions 163-164 absent.
223L,external_fixed_batch_9,detailed_or_external_screen,A/1,BNZ/F,0,0,163;164,yes/yes,no/no,6/6,1.0,,0/2,6.9062,,,NO,REJECTED_FOR_CURRENT_CORE_DRY_V1_PREPARATION_PATH,Reject at fixed-batch screen: true C-terminal positions 163-164 absent.
227L,external_fixed_batch_9,deep_finalist,A/1,BNZ/F,0,0,163;164,yes/yes,no/no,6/6,1.0,,5/15,2.9646,,,NO,REJECTED_FOR_CURRENT_CORE_DRY_V1_PREPARATION_PATH,Reject: true C-terminal positions 163-164 absent; five waters <=5 A and nearest water 2.9646 A from BNZ.
3DMX,external_fixed_batch_9,deep_finalist,A/1,BNZ/G,0,0,,yes/yes,yes/yes,6/6,1.0,106:MET@7.9205A;108:GLU@7.6341A,0/1,7.8253,,,YES,SOURCE_RESOLVED_AND_PREPARATION_READY_FOR_CORE_DRY_V1,"Pass: source/construct/assembly explicit; 164/164 residues, zero missing receptor or ligand heavy atoms, both true termini/OXT and 163/163 links; BNZ is a validated neutral rigid one-state ligand; no water or unsupported component within 8 A; no essential-water or metal dependence identified."
3GUJ,external_fixed_batch_9,detailed_or_external_screen,A/1,BNZ/B,0,0,163;164,yes/yes,no/no,6/6,1.0,,1/2,3.7003,CME:7.8771A,,NO,REJECTED_FOR_CURRENT_CORE_DRY_V1_PREPARATION_PATH,Reject: true C-terminal positions 163-164 absent; nearest water 3.7003 A and unsupported CME component is 7.8771 A from ligand.
3HH4,external_fixed_batch_9,deep_finalist,A/1,BNZ/E,1,1,,yes/yes,yes/no,6/6,1.0,83:LYS@7.9651A;106:MET@7.9372A;108:GLU@7.2946A;119:ARG@7.8734A,0/0,8.0308,,,NO,REJECTED_FOR_CURRENT_CORE_DRY_V1_PREPARATION_PATH,Reject: terminal residue is present but true C-terminal OXT is missing; four receptor altloc residues occur within 8 A.
4I7J,external_fixed_batch_9,deep_finalist,A/1,BNZ/D,27,11,1;2;3;4;5;6;7;8;9;10;11;12;59,no/no,yes/yes,6/6,1.0,108:LYS@6.3461A,0/1,7.9044,,,NO,REJECTED_FOR_CURRENT_CORE_DRY_V1_PREPARATION_PATH,Reject: N-terminal positions 1-12 (including His tag) and internal position 59 absent; 27 heavy atoms missing across 11 residues; one pocket-shell Lys108 altloc.
